Feature ID	Taxon	Confidence
0fec351445f84bd482075ceda6123f46	k__Archaea; p__Euryarchaeota; c__Methanobacteria; o__Methanobacteriales; f__Methanobacteriaceae; g__Methanobacterium; s__midas_s_9526	0.9987345040657367
63f37ee4b481fccdffca10160ed5b944	k__Archaea; p__Euryarchaeota; c__Methanobacteria; o__Methanobacteriales; f__Methanobacteriaceae	0.9934873210546592
7f78afb7e1d45cd528fe9cd909c93fb5	k__Archaea; p__Euryarchaeota; c__Methanobacteria; o__Methanobacteriales; f__Methanobacteriaceae; g__Methanobacterium	0.9864553400618408
b64cf0e9dea8cef6b9500b364c179b98	k__Bacteria; p__Proteobacteria; c__Gammaproteobacteria; o__Burkholderiales	0.9999942160716765
c55a8101fb6c187736f0af61f720cb92	k__Bacteria; p__Bacteroidota; c__Bacteroidia; o__Sphingobacteriales; f__Lentimicrobiaceae; g__Lentimicrobium; s__midas_s_63579	0.7296882076252498
8466f2635d9fbf9c51a04877474f3d09	k__Bacteria; p__Proteobacteria; c__Gammaproteobacteria; o__Burkholderiales; f__Alcaligenaceae; g__Alcaligenes; s__midas_s_9908	0.9769807168468579
83adaf3a09d08c93f2abea6a4c815592	k__Bacteria; p__Bacteroidota; c__Bacteroidia; o__Bacteroidales; f__Dysgonomonadaceae; g__Petrimonas; s__Petrimonas_sulfuriphila	0.8837404828834526
04869be25e3dc4d526ce3824d407aedf	k__Bacteria; p__Synergistota; c__Synergistia; o__Synergistales; f__Synergistaceae; g__Aminivibrio; s__Aminivibrio_pyruvatiphilus	0.9689230403812655
25c54c57b4a4283237b33fdae82003c0	k__Bacteria; p__Synergistota; c__Synergistia; o__Synergistales; f__Synergistaceae; g__EBM-39	0.999999985973346
35dbde30af820a2c3bcd85216229ad6a	k__Archaea; p__Halobacterota; c__Methanosarcinia; o__Methanosarciniales; f__Methanosarcinaceae; g__Methanosarcina	0.9999999257774554
a039c1ac15b3f4bc5cf1db8a5f1cc0fd	k__Bacteria; p__Firmicutes; c__Clostridia; o__Peptostreptococcales-Tissierellales; f__Peptostreptococcaceae; g__Terrisporobacter	0.9991354952848571
38b371de3be6ddef03bea94294e9830d	k__Archaea; p__Euryarchaeota; c__Methanobacteria; o__Methanobacteriales; f__Methanobacteriaceae; g__Methanobacterium; s__Methanobacterium_beijingense	0.8721747169364364
37a9f9625f201b6e61c29ac09ec54683	k__Bacteria; p__Firmicutes; c__Clostridia; o__Gracilibacteraceae; f__Lutispora; g__midas_g_94288; s__midas_s_99172	0.9327454723693424
a5b2537343a26f4daf0379a8b46eb2ef	k__Bacteria; p__Synergistota; c__Synergistia; o__Synergistales; f__Synergistaceae; g__Syner-01	0.9999939942386988
c571cb007a7d9e2dfc56e8c0b4e24104	k__Bacteria; p__Proteobacteria; c__Gammaproteobacteria; o__Enterobacterales; f__Enterobacteriaceae	0.9997836403259694
b3d8bf326297fb9b18ea4fef1ce8d4a6	k__Bacteria; p__Desulfobacterota; c__Desulfovibrionia; o__Desulfovibrionales; f__Desulfovibrionaceae; g__Desulfovibrio	0.917336732021082
d3cf08daefed96f494257ceff63a6cf8	k__Bacteria; p__Thermotogota; c__Thermotogae; o__Kosmotogales; f__Kosmotogaceae; g__Mesotoga; s__Mesotoga_infera	0.7701506780098685
e6485d233ed2b8b9a2f3f50f0747b9d2	k__Bacteria; p__Bacteroidota; c__Bacteroidia; o__Bacteroidales; f__Dysgonomonadaceae; g__Proteiniphilum; s__midas_s_56159	0.9887595502098798
be9dcf562f0ab066c0b252d527a42d19	k__Bacteria; p__Firmicutes; c__Clostridia; o__Peptostreptococcales-Tissierellales; f__Peptostreptococcaceae; g__Romboutsia; s__Romboutsia_lituseburensis	0.9822769593974313
09ee5eb3e6c726c7c8242f6e97453fc2	k__Archaea; p__Euryarchaeota; c__Methanobacteria; o__Methanobacteriales; f__Methanobacteriaceae; g__Methanobacterium; s__Methanobacterium_formicicum	0.9999867559778229
430c875622713c0d7662add2d8e7db60	k__Bacteria; p__Desulfobacterota; c__Desulfovibrionia; o__Desulfovibrionales; f__Desulfovibrionaceae; g__Desulfovibrio; s__midas_s_43704	0.9737071035605281
4c31c3e198534eab45b6d92b61f75b10	k__Bacteria; p__Firmicutes; c__Clostridia; o__Peptostreptococcales-Tissierellales; f__Peptostreptococcaceae; g__Paraclostridium; s__midas_s_2984	0.9783008185720685
e75fd72fb216d3d4c964602d8c338f65	k__Bacteria; p__Firmicutes; c__Bacilli; o__Lactobacillales; f__Enterococcaceae; g__Enterococcus	0.970161878859758
e144d237c973d831d708cac2c17df968	k__Bacteria; p__Firmicutes; c__Clostridia; o__Eubacteriales; f__Eubacteriaceae; g__Acetobacterium	0.9999999395746341
6aa300d5323cbf75dc53cec3e6acb87c	k__Bacteria; p__Firmicutes; c__Clostridia; o__Gracilibacteraceae; f__Gracilibacter; g__midas_g_669	0.8563384663566289
160417c8184691818a991a146e5402d7	k__Bacteria; p__Firmicutes; c__Bacilli; o__Bacillales; f__Bacillaceae; g__Bacillus; s__midas_s_108787	0.9131518919257993
ec92f6331d8ecb50e3f0dee8fbf3bcb0	k__Bacteria; p__Bacteroidota; c__Bacteroidia; o__Bacteroidales; f__Rikenellaceae; g__midas_g_15299; s__midas_s_96664	0.9999498892747439
8e6faab8acc1bdcba46f098a739aec14	k__Bacteria; p__Firmicutes; c__Bacilli; o__Bacillales; f__Bacillaceae; g__Bacillus; s__midas_s_108787	0.9722628030093649
d42912a22b570ab99938b745999ae2cc	k__Bacteria; p__Bacteroidota; c__Bacteroidia; o__Bacteroidales; f__Bacteroidaceae; g__Bacteroides; s__midas_s_56922	0.99137690459744
e29f9ab1342fe7d53d4f1e2d03bb5969	k__Bacteria; p__Synergistota; c__Synergistia; o__Synergistales; f__Synergistaceae; g__Syner-01	0.9999983878658641
4bea53b2aad77f2569a0182f6b84255e	k__Bacteria; p__Bacteroidota; c__Bacteroidia; o__Bacteroidales; f__Dysgonomonadaceae; g__Dysgonomonas; s__midas_s_30643	0.999732004156947
b7806c4f83108800a9c32dc83c148d95	k__Bacteria; p__Firmicutes; c__Clostridia; o__Peptostreptococcales-Tissierellales; f__Peptostreptococcaceae; g__Acetoanaerobium	0.9844677115563858
93fadef301b62aa732e42bf1142b3afa	k__Bacteria; p__Bacteroidota; c__Bacteroidia; o__Bacteroidales; f__Paludibacteraceae; g__midas_g_9269	0.9999982588758275
765b69d9c4313cc8630769db523cc54c	k__Bacteria; p__Firmicutes; c__Clostridia; o__Oscillospirales; f__Oscillospiraceae; g__Oscillibacter	0.9987573361758676
da47a34fd036b068ca0c5eaf185e2082	k__Bacteria; p__Synergistota; c__Synergistia; o__Synergistales; f__Synergistaceae; g__Thermovirga; s__midas_s_94423	0.8677899720946144
472fdc0687378563f0c9da6da7638e1a	k__Bacteria; p__Firmicutes; c__Clostridia; o__Clostridiales; f__Clostridiaceae; g__Clostridium_sensu_stricto_13; s__midas_s_88977	0.9992243565010296
e9e060e5e0e46911cad92b8292aeefd7	k__Bacteria; p__Firmicutes; c__Clostridia; o__Clostridiales; f__Clostridiaceae; g__Proteiniclasticum; s__Proteiniclasticum_ruminis	0.9814561242166377
5976a56adfe903f7348b5eb5689e3c55	k__Bacteria; p__Bacteroidota; c__Bacteroidia; o__Bacteroidales; f__Rikenellaceae; g__midas_g_36215; s__midas_s_87061	0.9999474059603709
01bc6f144e0f577c7a5364ebafdb3509	k__Bacteria; p__Firmicutes; c__Bacilli; o__Erysipelotrichales; f__Erysipelotrichaceae; g__Erysipelothrix; s__midas_s_114219	0.9085222136046494
a061d8883eca2028db1d268500722130	k__Bacteria; p__Cloacimonadota; c__Cloacimonadia; o__Cloacimonadales; f__Cloacimonadaceae; g__LNR_A2-18	0.998401875001636
ea156f972cd3802c3fac147e4200ba7a	k__Bacteria; p__Bacteroidota; c__Bacteroidia; o__Bacteroidales; f__Rikenellaceae; g__midas_g_36215; s__midas_s_82500	0.9971752170044483
29b313a5262947210e3e9de415abaead	k__Bacteria; p__Proteobacteria; c__Alphaproteobacteria; o__Rhizobiales; f__Rhizobiaceae; g__Ochrobactrum	0.9987216807467754
1f4fb4bfdca6c9d13106ed533362a62e	k__Bacteria; p__Firmicutes; c__Desulfitobacteriia; o__Desulfitobacteriales; f__Desulfitobacteriaceae; g__Desulfosporosinus	0.9785920594244315
3343d19c0bc1759a66023cbc86c92592	k__Bacteria; p__Cloacimonadota; c__Cloacimonadia; o__Cloacimonadales; f__Cloacimonadaceae; g__LNR_A2-18	0.9911597402103688
a82691ab5fd4e8d3d3b23b7958c8e764	k__Bacteria; p__Firmicutes; c__Thermoanaerobacteria; o__Thermoanaerobacterales; f__SRB2; g__midas_g_97954	0.9999998233570163
181a2b6fbc1d5f5de022772f08fb875c	k__Bacteria; p__Firmicutes; c__Clostridia; o__Oscillospirales; f__Oscillospiraceae; g__Colidextribacter	0.9991138434983264
9feda0d620fa50b57ce3f848e1b48975	k__Bacteria; p__Proteobacteria; c__Gammaproteobacteria; o__Burkholderiales; f__Comamonadaceae	0.9999952845682138
0709277372b3816e3986842fb10c8e96	k__Bacteria; p__Bacteroidota; c__Bacteroidia; o__Bacteroidales; f__Dysgonomonadaceae; g__Proteiniphilum; s__midas_s_90161	0.9571171767677058
cd05a4b1cda569ae366c6980823f4c72	k__Bacteria; p__Proteobacteria; c__Gammaproteobacteria; o__Burkholderiales; f__Rhodocyclaceae; g__Azoarcus	0.9873317155218571
4b50be28c2cc7c6a4dbc6300155c5218	k__Bacteria; p__Proteobacteria; c__Alphaproteobacteria; o__Caulobacterales; f__Caulobacteraceae; g__Brevundimonas; s__midas_s_25101	0.9777419820859714
c7553191e309cfc2e28aea2507e7afdf	k__Bacteria; p__Firmicutes; c__Clostridia; o__Peptostreptococcales-Tissierellales; f__Anaerovoracaceae; g__Anaerovorax	0.9944414081090369
113b0d8ebf97fc5aba85fa06ecfdbb1a	k__Bacteria; p__Firmicutes; c__Syntrophomonadia; o__Syntrophomonadales; f__Syntrophomonadaceae	0.9999980837308039
07e00e1bcc9d9a3c50591f721785e591	k__Bacteria; p__Firmicutes; c__Dethiobacteria; o__Dethiobacterales; f__Dethiobacteraceae	0.9846359077621033
28f1a500a5a6ebd1cede9322b50bcaad	k__Bacteria; p__Firmicutes; c__Thermoanaerobacteria; o__Thermoanaerobacterales; f__SRB2; g__midas_g_4301; s__midas_s_97088	0.9366408259926718
136c27e1efa2b99fb71cdff938615daa	k__Archaea; p__Euryarchaeota; c__Methanobacteria; o__Methanobacteriales; f__Methanobacteriaceae; g__Methanobacterium; s__midas_s_9526	0.9984247515217711
28b5f35cfb5f0516e5e5f896428abdcd	k__Bacteria; p__Proteobacteria; c__Alphaproteobacteria; o__Rhizobiales; f__Rhizobiaceae; g__Aquamicrobium; s__Aquamicrobium_lusatiense	0.9878005599394776
cd1f95189b8375347f827f4a8b08dcf7	k__Bacteria; p__Firmicutes; c__Clostridia; o__Peptostreptococcales-Tissierellales; f__Family_XI; g__Soehngenia; s__midas_s_46673	0.7868321442352089
19463e5fe824700110e4a4ec8afe0512	k__Archaea; p__Euryarchaeota; c__Methanobacteria; o__Methanobacteriales; f__Methanobacteriaceae; g__Methanobacterium; s__Methanobacterium_beijingense	0.9896797832118382
a353b92733af5260a57dd1a0ba3001e1	k__Archaea; p__Euryarchaeota; c__Methanobacteria; o__Methanobacteriales; f__Methanobacteriaceae; g__Methanobacterium; s__Methanobacterium_beijingense	0.7199914305984179
793ecb5ed65cd96425a35698e8ab9e78	k__Bacteria; p__Campylobacterota; c__Campylobacteria; o__Campylobacterales; f__Sulfurospirillaceae; g__Sulfurospirillum; s__Sulfurospirillum_cavolei	0.9909349640976121
ff6f97ce50ea01298f8e58b53b97d489	k__Bacteria; p__Proteobacteria; c__Gammaproteobacteria; o__Pseudomonadales; f__Moraxellaceae; g__Acinetobacter	0.9999984369839795
499a635c6e7dcd5c8ef518302aa50011	k__Bacteria; p__Bacteroidota; c__Bacteroidia; o__Bacteroidales; f__Dysgonomonadaceae; g__Fermentimonas	0.9993291250041098
5631fe818e588992529f6071afc9cda5	k__Bacteria; p__Firmicutes; c__Clostridia; o__Christensenellales; f__Christensenellaceae; g__Christensenellaceae_R-7_group	0.993851030089329
58b2cf308363fb35b932620518786116	k__Bacteria; p__Firmicutes; c__Clostridia; o__Peptostreptococcales-Tissierellales; f__Proteiniboraceae; g__Proteiniborus; s__Proteiniborus_ethanoligenes	0.9925019065691469
abaecd8b82d14efc7ccc4dcb7f864cba	k__Bacteria; p__Firmicutes; c__Clostridia; o__Peptostreptococcales-Tissierellales; f__Sedimentibacteraceae; g__Sedimentibacter; s__midas_s_87661	0.7692701673645668
4adbf4beb8d2b17f63b543e4d9aa39b6	k__Bacteria; p__Bacteroidota; c__Bacteroidia; o__Bacteroidales; f__Paludibacteraceae; g__midas_g_9269	0.9999982437196275
deb262fd92af4fdcd3b6240303048b2a	k__Bacteria; p__WPS-2; c__midas_c_55; o__midas_o_1194; f__midas_f_1770; g__midas_g_2901; s__midas_s_3072	0.9233561407550696
6dfb10e6d92b2c7ec87175ad560bed2e	k__Bacteria; p__Actinobacteriota; c__Actinobacteria; o__Corynebacteriales; f__Mycobacteriaceae; g__Mycobacterium	0.9999937736478577
206069e5a5041e6c7f39a4141aefdc19	k__Bacteria; p__Firmicutes; c__Clostridia; o__Christensenellales; f__Christensenellaceae; g__Christensenellaceae_R-7_group; s__midas_s_47390	0.901238133783839
e8e82cf023a3abd684fe7e817acc9bf0	k__Bacteria; p__Firmicutes; c__Clostridia; o__Christensenellales; f__Christensenellaceae; g__Christensenellaceae_R-7_group; s__midas_s_102506	0.8199648026281608
b4eac52cfa36ce63f24be2fc530ad204	k__Bacteria; p__Bacteroidota; c__Bacteroidia; o__Bacteroidales; f__Dysgonomonadaceae; g__Proteiniphilum; s__Proteiniphilum_saccharofermentans	0.9160091333223587
0b736ddea36ed16291fa058fe28061f8	k__Bacteria; p__Firmicutes; c__Clostridia; o__Proteinivoracales; f__midas_f_1799; g__midas_g_1799; s__midas_s_91638	0.7652188455467274
c9b1d29de9ba6aaa6bd23b386b8c8331	k__Archaea; p__Euryarchaeota; c__Methanobacteria; o__Methanobacteriales; f__Methanobacteriaceae; g__Methanobacterium; s__midas_s_9526	0.9985066077610798
659d1fe872c9b31a9e0b81eef5ca6218	k__Bacteria; p__Firmicutes; c__Desulfotomaculia; o__Desulfotomaculales; f__Pelotomaculaceae; g__Pelotomaculum; s__midas_s_95439	0.9982908347775569
d863bc6a2fa6a8a93787e45a6abe3304	k__Bacteria; p__Proteobacteria; c__Gammaproteobacteria; o__Xanthomonadales; f__Xanthomonadaceae; g__Stenotrophomonas; s__midas_s_74451	0.9998624351314533
e1382120e151d51cb3b3b6900845f1c8	k__Bacteria; p__Desulfobacterota; c__Desulfovibrionia; o__Desulfovibrionales; f__Desulfomicrobiaceae; g__Desulfomicrobium	0.9999999895546443
6e50cfec46931f3d8e0af8e75af55b43	k__Bacteria; p__Firmicutes; c__Clostridia; o__Oscillospirales; f__Oscillospiraceae; g__Colidextribacter	0.8076004166949831
bb617d32673d5f60d6216a07ad7a42bc	k__Bacteria; p__Desulfobacterota; c__Desulfovibrionia; o__Desulfovibrionales; f__Desulfovibrionaceae; g__Desulfovibrio; s__midas_s_76151	0.9999990599302052
7d537f12eaa3231c2c2b58b74901051c	k__Bacteria; p__Firmicutes; c__Clostridia; o__Peptococcales; f__Peptococcaceae; g__midas_g_3595; s__midas_s_91643	0.9141318014416712
b180a2455b236c103cf0bfe620095736	k__Bacteria; p__Firmicutes; c__Clostridia; o__Peptostreptococcales-Tissierellales; f__Peptostreptococcaceae; g__Romboutsia	0.9999919587875242
66575db7635d648549a9eb5a4eafb710	k__Bacteria; p__WS1; c__midas_c_796; o__midas_o_796; f__midas_f_2296; g__midas_g_3409; s__midas_s_3951	0.9999303883172938
acb819d2b09f090ba6c3112028bbc54b	k__Bacteria; p__Actinobacteriota; c__Thermoleophilia; o__Gaiellales; f__midas_f_269; g__midas_g_269; s__midas_s_269	0.9987591956554419
04e715f54c06e9ccf25afba02b343b5c	k__Bacteria; p__Firmicutes; c__Dethiobacteria; o__Dethiobacterales; f__Dethiobacteraceae; g__midas_g_7; s__midas_s_113288	0.8810409261262975
d02e8e093df5064814273f652473189e	k__Bacteria; p__Firmicutes; c__Clostridia; o__Oscillospirales; f__Oscillospiraceae; g__Intestinimonas; s__midas_s_95615	0.7819547565406126
09383f3babfd32418e7ba07634680e12	k__Bacteria; p__Proteobacteria; c__Alphaproteobacteria; o__Rhizobiales; f__Stappiaceae; g__Pannonibacter; s__Pannonibacter_phragmitetus	0.9917752271009175
d48429274cd09a4257ad8b24c009e8fd	k__Bacteria; p__Bacteroidota; c__Bacteroidia; o__Bacteroidales; f__Prolixibacteraceae; g__midas_g_25828	0.9950712790050377
52708c2cfa926ba9b2f69878c97cee2c	k__Bacteria; p__Proteobacteria; c__Alphaproteobacteria; o__Rhizobiales; f__Stappiaceae; g__Stappia	0.9961584937875029
c05932b0e9b0bcf5f076c8971c6bab60	k__Bacteria; p__Firmicutes	0.9987274006997356
ec716420b2bb28ff5cfc5b19edbe2dfa	k__Bacteria; p__Proteobacteria; c__Gammaproteobacteria; o__Burkholderiales; f__Alcaligenaceae; g__Achromobacter; s__midas_s_18114	0.8372353704658688
8db3a14ae839a3bee50b9a192c59f8f9	k__Bacteria; p__Firmicutes; c__Clostridia; o__Oscillospirales; f__Oscillospiraceae; g__midas_g_9023; s__midas_s_9023	0.9999274538309696
89d1d4064aa11fd1f3efb8e1345c813f	k__Bacteria; p__Firmicutes; c__Thermoanaerobacteria; o__Thermoanaerobacterales; f__SRB2; g__midas_g_97954	0.999999121955222
dcc552ee0bfe584a9f79fd3d7893047f	k__Bacteria; p__Proteobacteria; c__Gammaproteobacteria; o__Pseudomonadales; f__Pseudomonadaceae; g__Pseudomonas	0.9995358937399822
df94cb7c1f51d6e7df4a969d561b0a4d	k__Bacteria; p__Actinobacteriota; c__Actinobacteria; o__midas_o_5; f__midas_f_5; g__midas_g_399	0.999999717037986
0eff2f70a09cbdfd1a1684adcb990931	k__Bacteria; p__Firmicutes; c__Clostridia; o__Oscillospirales; f__Ruminococcaceae	0.9775034993498292
efbade8cc54695abfc5c07f21eecb6e7	k__Bacteria; p__Proteobacteria; c__Gammaproteobacteria; o__Pseudomonadales; f__Moraxellaceae; g__Acinetobacter	0.9999996089577633
a49becf5a5dbcb201f091757c62fc6bb	k__Bacteria; p__Campylobacterota; c__Campylobacteria; o__Campylobacterales; f__Arcobacteraceae; g__Pseudarcobacter; s__midas_s_1505	0.7023263362441899
2f5695c1563063d2b821ab2eecfa3bd3	k__Bacteria; p__Proteobacteria; c__Gammaproteobacteria; o__Pseudomonadales; f__Pseudomonadaceae; g__Pseudomonas	0.9998193031749771
6075255b58efbd350ad34112f80f970a	k__Bacteria; p__Firmicutes; c__Dethiobacteria; o__Dethiobacterales; f__Dethiobacteraceae; g__midas_g_114992; s__midas_s_114992	0.7487615734315551
21ceeb224e15175f0c85797abce40d0a	k__Bacteria; p__Proteobacteria; c__Gammaproteobacteria; o__Burkholderiales; f__Alcaligenaceae; g__Achromobacter; s__midas_s_18114	0.945991706502394
492422c8881f2e782fccb0225f1c68ab	k__Bacteria; p__Proteobacteria; c__Gammaproteobacteria; o__Burkholderiales; f__Alcaligenaceae; g__Pusillimonas; s__midas_s_89306	0.8866903903143187
5040d210b906c738569bf1c3505ad558	k__Bacteria; p__Firmicutes; c__Clostridia; o__Christensenellales; f__Christensenellaceae; g__Christensenellaceae_R-7_group; s__midas_s_62346	0.9987829760546818
0c488eee4c6d02abb4e34df3ec16a09b	k__Bacteria; p__Actinobacteriota; c__Coriobacteriia; o__OPB41; f__midas_f_3016; g__midas_g_5574; s__midas_s_36575	0.9164225967898448
3badde1c4760a921d723409ee05fead0	k__Bacteria; p__Synergistota; c__Synergistia; o__Synergistales; f__Synergistaceae; g__JGI-0000079-D21; s__midas_s_976	0.9999999986941362
f63e76a4ce2cd0f7f39e8195d8302dcf	k__Bacteria; p__Firmicutes; c__Bacilli; o__Lactobacillales; f__Enterococcaceae; g__Enterococcus	0.9919775986636689
dc9b83b9dbf521d0d0b0e1576e44d06a	k__Bacteria; p__Firmicutes; c__Limnochordia; o__Limnochordales; f__Limnochordaceae; g__midas_g_93469; s__midas_s_93469	0.9999716779523634
829161d9eeb2bc71c936ceac625d9240	k__Archaea; p__Euryarchaeota; c__Methanobacteria; o__Methanobacteriales; f__Methanobacteriaceae	0.9955329253393702
a43c475502b54cdee1385dcca3109bfe	k__Bacteria; p__Firmicutes; c__Clostridia; o__Lachnospirales; f__Lachnospiraceae; g__Lachnoclostridium	0.8353243191051974
cb08126894ac0c8eeddc7b86d1ab1eb9	k__Bacteria; p__Firmicutes; c__Moorellia; o__Desulfitibacterales; f__Desulfitibacteraceae; g__Desulfitibacter	0.8121111633436127
3487ee381e9bba57861b67ac3936d665	k__Bacteria; p__Proteobacteria; c__Gammaproteobacteria; o__Pseudomonadales; f__Pseudomonadaceae; g__Pseudomonas	0.9883778387151618
868a2dd217365ddd6d6ab64d48aeed4a	k__Bacteria; p__Firmicutes	0.9960309600466924
e1c573f885ed4c9191a32116f583d78a	k__Bacteria; p__Armatimonadota; c__midas_c_216; o__midas_o_92789; f__midas_f_92789; g__midas_g_114295; s__midas_s_114295	0.8712097667851354
08ea1c9b9d368cd6d9bfeb8857e90315	k__Bacteria; p__Proteobacteria; c__Gammaproteobacteria; o__Burkholderiales; f__Rhodocyclaceae	0.9990159523062893
00e66df34e257e501593d8fab7b76b0d	k__Bacteria; p__Firmicutes; c__Clostridia; o__Lachnospirales; f__Lachnospiraceae	0.9999812925092824
0e9cc4c909306f5a9562d84888902e09	k__Bacteria; p__Armatimonadota; c__Chthonomonadetes; o__Chthonomonadales; f__midas_f_6187; g__midas_g_6187; s__midas_s_6187	0.9999999997872067
de329304e57f0e32da3a08e64625a2e1	k__Bacteria; p__Firmicutes; c__Clostridia; o__Oscillospirales; f__Oscillospiraceae; g__Oscillibacter	0.8240050251036259
31b772f3e0f36755cdb6cd584a8a105f	k__Bacteria; p__Firmicutes; c__Clostridia; o__Oscillospirales; f__Oscillospiraceae; g__midas_g_112829; s__midas_s_112829	0.8826527626381144
b47908de018aea1744738eba767e1034	k__Bacteria; p__Firmicutes; c__Clostridia; o__Peptostreptococcales-Tissierellales; f__Family_XI; g__Anaerosalibacter; s__midas_s_79866	0.8873662229026711
6eca1e8c47d098b26976cba1c2bfdfb8	k__Bacteria; p__Proteobacteria; c__Gammaproteobacteria; o__Burkholderiales	0.9999884753340711
1d4b9f3ddf33afdf5308213897846090	k__Bacteria; p__Chloroflexi; c__Anaerolineae; o__Anaerolineales; f__Anaerolineaceae; g__Leptolinea; s__midas_s_825	0.9099166980250423
e1abbababbc410f2f1faa24f6ccbc7f9	k__Bacteria; p__Firmicutes; c__Bacilli; o__Bacillales; f__Bacillaceae; g__Bacillus	0.8933001911361206
a5ea8c2ae0dc9882cf9358924dd4f453	k__Bacteria; p__Bacteroidota; c__Bacteroidia; o__Bacteroidales; f__Prolixibacteraceae; g__midas_g_25828; s__midas_s_84217	0.9558235723107844
01a7c19fe64d4300e6e5a8a7280a10bb	k__Bacteria; p__Proteobacteria; c__Gammaproteobacteria; o__Burkholderiales; f__Comamonadaceae	0.9999973657687872
42655605abb4cc7bd5f1be954adf23b0	k__Bacteria; p__Firmicutes; c__Clostridia; o__Oscillospirales; f__Hungateiclostridiaceae; g__Ruminiclostridium; s__midas_s_97058	0.8927420003842659
5a6520a634bb27352c524ba237fd0d64	k__Bacteria; p__Firmicutes; c__Bacilli; o__Erysipelotrichales; f__Erysipelotrichaceae; g__Erysipelothrix; s__midas_s_22101	0.8032567423993683
456e90bd81f384fccd85730d1b5088e5	k__Archaea; p__Euryarchaeota; c__Methanobacteria; o__Methanobacteriales; f__Methanobacteriaceae; g__Methanobacterium; s__midas_s_9526	0.9987457501827374
19083703874fec5c0e976f6ca4fa6bc9	k__Bacteria; p__Actinobacteriota; c__Actinobacteria; o__Corynebacteriales; f__Nocardiaceae; g__Rhodococcus	0.9853716816542074
2ffdb4467111000bf9883bc4e5c2b4ef	k__Archaea; p__Euryarchaeota; c__Methanobacteria; o__Methanobacteriales; f__Methanobacteriaceae; g__Methanobacterium	0.9868251412372078
db5aaacffe4ca31116f5b0e292074588	k__Bacteria; p__Firmicutes; c__Negativicutes; o__Veillonellales-Selenomonadales; f__Sporomusaceae	0.9931932397050203
e79a45f432d0ccc86adbf9bbe7cef2a7	k__Bacteria; p__Proteobacteria; c__Gammaproteobacteria; o__Burkholderiales; f__Hydrogenophilaceae; g__Thiobacillus	0.9999895624281719
afd6038f44400cf165c3d637f88be98a	k__Bacteria; p__Firmicutes; c__Clostridia; o__Peptostreptococcales-Tissierellales; f__Anaerovoracaceae; g__Anaerovorax	0.9427642241371096
0f312394fc32d16cfdca183b11aad4ad	k__Bacteria; p__Firmicutes; c__Clostridia; o__Lachnospirales; f__Lachnospiraceae; g__Lachnoclostridium; s__Clostridium_citroniae	0.9991592036349912
fa0525ece71fa3362210e904b24a9b62	k__Bacteria; p__Firmicutes; c__Thermoanaerobacteria; o__Thermoanaerobacterales; f__SRB2; g__midas_g_4301	0.9985488222739791
f59f09ec54e73f740708fa68eeb78a8c	k__Bacteria; p__Bacteroidota; c__Bacteroidia; o__Sphingobacteriales; f__Lentimicrobiaceae; g__Lentimicrobium	0.9999993947749461
fc7dec198c007a0622c9acba71b1edb1	k__Bacteria; p__Spirochaetota; c__Spirochaetia; o__Spirochaetales; f__Spirochaetaceae; g__Sphaerochaeta; s__midas_s_92051	0.8081637462453652
4c7b0d554a1103b7872deded4bccb4ea	k__Bacteria; p__Firmicutes; c__Clostridia; o__Monoglobales; f__Monoglobaceae; g__Monoglobus; s__midas_s_119413	0.7634082366123438
ab2050607cb3fe172ea918d5a17a46c7	k__Bacteria; p__Proteobacteria; c__Alphaproteobacteria; o__Rhizobiales; f__Rhizobiaceae; g__Aquamicrobium; s__Aquamicrobium_lusatiense	0.8649881300488126
d3156233792852376762d588f607ac71	k__Bacteria; p__Firmicutes; c__Clostridia; o__Clostridiales; f__Clostridiaceae; g__Clostridium_sensu_stricto_5; s__midas_s_102242	0.7224846923047004
405dff4269ebcff0dbc2d5c0c63a1ee3	k__Bacteria; p__Firmicutes; c__Clostridia; o__Oscillospirales; f__Hungateiclostridiaceae; g__Ruminiclostridium	0.9785365778391367
496ed1835247fa310353bd53160fad4a	k__Bacteria; p__Actinobacteriota; c__Coriobacteriia; o__OPB41	0.9999800995499536
a19152d55f42fc72a3a0f985d2615aab	k__Bacteria; p__Desulfobacterota; c__Desulfuromonadia; o__Desulfuromonadales; f__Desulfuromonadaceae	0.8118528720844526
f876e4d5cbaa6ac5f3c225bcaf146791	k__Bacteria; p__Chloroflexi; c__Anaerolineae; o__SBR1031; f__midas_f_1469; g__midas_g_2178; s__midas_s_5149	0.9999987262648217
ac9e79a82beb3b70c0c7193fff0a8524	k__Bacteria; p__Firmicutes; c__Clostridia; o__Peptostreptococcales-Tissierellales; f__Anaerovoracaceae; g__Anaerovorax; s__midas_s_8128	0.9978094260864093
b24e75b90cb37f9b407738a392646776	k__Archaea; p__Euryarchaeota; c__Methanobacteria; o__Methanobacteriales; f__Methanobacteriaceae; g__Methanobacterium; s__Methanobacterium_formicicum	0.9998742498998213
5cb2b4186e2e95521540e2ccbafcb4c9	k__Bacteria; p__Desulfobacterota; c__Desulfovibrionia; o__Desulfovibrionales; f__Desulfovibrionaceae; g__Desulfovibrio	0.9337987093956829
ae53fe95ad7f469e3187a126d6098100	k__Bacteria; p__Chloroflexi; c__Anaerolineae; o__Anaerolineales; f__Anaerolineaceae; g__midas_g_156; s__midas_s_156	0.8274517256078282
c39f594d9d2493b66260c1f7503e5ea1	k__Archaea; p__Euryarchaeota; c__Methanobacteria; o__Methanobacteriales; f__Methanobacteriaceae; g__Methanobacterium; s__Methanobacterium_beijingense	0.9999312185019447
86ecdc802ea620c1315db90c2d9b4d30	k__Bacteria; p__Firmicutes; c__Clostridia; o__Peptostreptococcales-Tissierellales; f__Sedimentibacteraceae; g__Sedimentibacter	0.9990605257169701
8c740d5ca21893b47c7619df1247c75d	k__Bacteria; p__Firmicutes; c__Clostridia; o__Christensenellales; f__Christensenellaceae; g__Christensenellaceae_R-7_group	0.9999995973688461
7281c911136ba2bdcafebb9c71729dea	k__Archaea; p__Euryarchaeota; c__Methanobacteria; o__Methanobacteriales; f__Methanobacteriaceae; g__Methanobacterium; s__Methanobacterium_beijingense	0.9946164825343224
a27f37aae2a34101f8a61c6f0b1cd246	k__Bacteria; p__Firmicutes; c__Clostridia; o__Peptostreptococcales-Tissierellales; f__Serpentinicella; g__midas_g_75908	0.8123799429513636
4ced6b735a53af484d0cf4f620846dcd	k__Bacteria; p__Desulfobacterota; c__Desulfovibrionia; o__Desulfovibrionales; f__Desulfovibrionaceae	0.9988070554274521
9adabf530b49244e64c1142cf42a502a	k__Bacteria; p__Firmicutes; c__Clostridia; o__Oscillospirales; f__Oscillospiraceae	0.9958926997085799
e357ec372ce3fdd9cc473b8f57edc002	k__Bacteria; p__Firmicutes; c__Clostridia; o__Oscillospirales; f__Butyricicoccaceae; g__UCG-009; s__midas_s_84783	0.9963546468873342
bdc8f8a67a910d09965f2c9975bb00c8	k__Bacteria; p__Firmicutes; c__Clostridia; o__Oscillospirales; f__Hungateiclostridiaceae; g__HN-HF0106	0.9999741747241239
5aed6ebc9b353e618d72d5595e755164	k__Bacteria; p__Proteobacteria; c__Gammaproteobacteria; o__Burkholderiales	0.9999890845946433
3d34374d81a96ce4972b93ef5dae9b82	k__Bacteria; p__Proteobacteria; c__Gammaproteobacteria; o__Pseudomonadales; f__Pseudomonadaceae; g__Thiopseudomonas; s__midas_s_89874	0.993784124967047
89dfaf0aa4a8af8e27a826ba8dd97044	k__Bacteria; p__Firmicutes; c__Clostridia; o__Peptostreptococcales-Tissierellales; f__Family_XI; g__Sporanaerobacter	0.9999262322369382
60da7a21ae2997bc70a9730fd8151a29	k__Bacteria; p__Firmicutes; c__Clostridia; o__Clostridiales; f__Clostridiaceae; g__Clostridium_sensu_stricto_13	0.7574363627569252
3679eb1918d142d7e468ea32c2f42595	k__Bacteria; p__Proteobacteria; c__Alphaproteobacteria; o__Rhizobiales; f__Beijerinckiaceae; g__Bosea; s__midas_s_5625	0.7258541772629553
894d5f2608f2a0e9e3bf2499f1cc6130	k__Bacteria; p__Caldatribacteriota; c__Caldatribacteriia; o__Caldatribacteriales; f__Caldatribacteriaceae; g__Ca_Caldatribacterium	0.9999999999595419
212e304679f170a464d2616b3f94a250	k__Bacteria; p__Firmicutes; c__Clostridia; o__Oscillospirales; f__Hydrogenoanaerobacterium; g__midas_g_98017; s__midas_s_120285	0.9631667150065205
090bf82b7f5b559151f7ac51857d5054	k__Archaea; p__Euryarchaeota; c__Methanobacteria; o__Methanobacteriales; f__Methanobacteriaceae; g__Methanobacterium; s__midas_s_9526	0.9987950258062219
613cd0ab8ed46a361940e06efaecdb6d	k__Bacteria; p__Synergistota; c__Synergistia; o__Synergistales; f__Synergistaceae; g__Thermovirga	0.9999999999768211
2e707ae206fd30644537a8329e2b9476	k__Bacteria; p__Desulfobacterota; c__Desulfobacteria; o__Desulfobacterales; f__Desulfococcaceae	0.703426350183035
33ee5a4f23a0bf945ce5b4ffa11feef5	k__Bacteria; p__Firmicutes; c__Bacilli; o__Bacillales; f__Planococcaceae; g__Rummeliibacillus; s__Rummeliibacillus_suwonensis	0.9336892979014517
0f4c04cefd226f6854ad0fbc2a2de226	k__Bacteria; p__Proteobacteria; c__Alphaproteobacteria; o__Rhizobiales; f__Beijerinckiaceae; g__Camelimonas	0.9990561011521197
cbca50b47704f15a44a0f88d3c8f1218	k__Archaea; p__Euryarchaeota; c__Methanobacteria; o__Methanobacteriales; f__Methanobacteriaceae	0.9956337961614657
2be253ff64c2e3493d684bfe687d414a	k__Archaea; p__Euryarchaeota; c__Methanobacteria; o__Methanobacteriales; f__Methanobacteriaceae; g__Methanobacterium	0.9888476202353134
ed583664a71759ab4da92119efb0df87	k__Bacteria; p__Firmicutes; c__Clostridia; o__Gracilibacteraceae; f__Lutispora; g__midas_g_2455; s__midas_s_2455	0.9064841692373589
7a276d152ba39f364356c6dc26a0f630	k__Bacteria; p__Proteobacteria; c__Gammaproteobacteria; o__Burkholderiales; f__Alcaligenaceae; g__Alcaligenes; s__midas_s_9908	0.9647757202112339
acfe0924c0f9c6ca3720854b5b458d54	k__Bacteria; p__Proteobacteria; c__Gammaproteobacteria; o__Xanthomonadales; f__Xanthomonadaceae; g__Stenotrophomonas	0.9964008938958608
dec17ecd030a71bf1867316e52e3532c	k__Bacteria; p__Bacteroidota; c__Bacteroidia; o__Sphingobacteriales; f__Lentimicrobiaceae; g__Lentimicrobium; s__midas_s_63579	0.7451461264501389
15c0fe41b25c6504b8dbe48ae72283d0	k__Bacteria; p__Desulfobacterota; c__Desulfuromonadia; o__Desulfuromonadales; f__Desulfuromonadaceae; g__midas_g_30443; s__midas_s_47294	0.9985917034575439
d96a2ea1b09f080f66ce79b9ddfa768e	k__Bacteria; p__Proteobacteria; c__Alphaproteobacteria; o__Rhizobiales; f__Rhizobiaceae	0.9987214156808323
8c86a02bd0f2c7a90bb40b735577a623	k__Bacteria; p__Firmicutes; c__Bacilli; o__Erysipelotrichales; f__Erysipelotrichaceae; g__Erysipelothrix	0.9956729277132871
07c98191a29a6be9185f213be81a429f	k__Bacteria; p__Bacteroidota; c__Bacteroidia; o__Bacteroidales; f__Rikenellaceae; g__midas_g_36215; s__midas_s_82500	0.9997215885125145
0138936a169c4a0914606cedbcd38fa6	k__Bacteria; p__Actinobacteriota; c__Actinobacteria; o__midas_o_5; f__midas_f_5; g__midas_g_399; s__midas_s_18349	0.9854431754432291
aa15b94e77f3955a73a15e15187b6482	k__Bacteria; p__Firmicutes; c__Clostridia; o__Proteinivoracales; f__midas_f_1799; g__midas_g_1799; s__midas_s_91638	0.9765117642932521
98250dc58799b80cb124a1f158f2cf22	k__Bacteria; p__Bacteroidota; c__Bacteroidia; o__Sphingobacteriales; f__Lentimicrobiaceae; g__Lentimicrobium	0.9999922418147542
fc4f227546196a4e44328533d91e0d10	k__Archaea; p__Euryarchaeota; c__Methanobacteria; o__Methanobacteriales; f__Methanobacteriaceae	0.9956441226158341
f42aeaf1c13130f1fdfc8bafa43ded29	k__Bacteria; p__Proteobacteria; c__Gammaproteobacteria; o__Burkholderiales; f__Comamonadaceae	0.9999997977580513
7b29e948451d2fdcce6d39ddc6c25520	k__Bacteria; p__Proteobacteria; c__Alphaproteobacteria; o__Sphingomonadales; f__Sphingomonadaceae; g__Sphingopyxis	0.9619506206117092
945e47119242497c2e0bc5b3c6b6ba8e	k__Bacteria; p__Synergistota; c__Synergistia; o__Synergistales; f__Synergistaceae; g__Aminiphilus; s__midas_s_8148	0.9326656798606385
2c452b25c7f3c62be462d8f47ed179e3	k__Bacteria; p__Desulfobacterota; c__Desulfobulbia; o__Desulfobulbales; f__Desulfobulbaceae; g__Desulfobulbus	0.9999989180698103
7b35a5b1674bbaefc9af01283da529c1	k__Bacteria; p__Firmicutes; c__Clostridia; o__Clostridiales; f__Clostridiaceae; g__Clostridium_sensu_stricto_7	0.9998509629947496
a53b7a494838590a5600a018277e55ea	k__Bacteria; p__Actinobacteriota; c__Actinobacteria; o__Corynebacteriales; f__Nocardiaceae; g__Gordonia	0.9999909797892563
9413dd54243692b250670640c660758d	k__Bacteria; p__Chloroflexi; c__Anaerolineae; o__SBR1031; f__midas_f_1469; g__midas_g_2178; s__midas_s_5149	0.9999990642133811
1ad05a58bf23396d80f11695ad750b75	k__Bacteria; p__Desulfobacterota; c__Desulfuromonadia; o__Geobacterales; f__Geobacteraceae	0.9815006199268939
b65ddb808f41ed58f0a87829f790124c	k__Bacteria; p__Bacteroidota; c__Bacteroidia; o__Bacteroidales; f__Rikenellaceae; g__DMER64; s__midas_s_82	0.8178283172772179
76ef356d895e6434580f18ab74a63e6c	k__Bacteria	0.9999768594398459
49d8ed77132802ef1ad7036f31e0117a	k__Bacteria; p__Firmicutes; c__Bacilli; o__Izemoplasmatales; f__midas_f_16343; g__midas_g_33659; s__midas_s_108847	0.783272416579137
aee57e8bd4d23269db1980639ac75033	k__Archaea; p__Halobacterota; c__Methanosarcinia; o__Methanosarciniales; f__Methanosarcinaceae; g__Methanosarcina	0.999999879161716
a279fb62a47697ac7088fbfeb831c6cf	k__Bacteria; p__Bacteroidota; c__Bacteroidia; o__Sphingobacteriales; f__Lentimicrobiaceae; g__Lentimicrobium; s__midas_s_63579	0.7444379957602762
2f62caf32ac0a5313dea4b421d6dd293	k__Archaea; p__Euryarchaeota; c__Methanobacteria; o__Methanobacteriales; f__Methanobacteriaceae; g__Methanobacterium; s__midas_s_9526	0.998221450376466
4b99ad27979703cf85b4166c91bfa04d	k__Bacteria; p__Bacteroidota; c__Bacteroidia; o__Sphingobacteriales; f__Lentimicrobiaceae; g__Lentimicrobium; s__midas_s_63579	0.724366457237298
405648482a348320fe4470fddebb64c6	k__Bacteria; p__Proteobacteria; c__Alphaproteobacteria; o__Rhizobiales; f__Beijerinckiaceae; g__Pseudochelatococcus	0.9999933950987101
fd4dc2d3654041c497b3d8e6cee4d18b	k__Bacteria; p__Firmicutes; c__midas_c_4; o__DTU014; f__midas_f_148; g__midas_g_515	0.9999992213570001
5ab9c9baf340ca93a35be10b4a5b294a	k__Bacteria; p__Firmicutes; c__Clostridia; o__Christensenellales; f__Christensenellaceae; g__Christensenellaceae_R-7_group	0.9319867715146629
f539646a648d441a17a890b40f8e56be	k__Bacteria; p__Firmicutes; c__Clostridia; o__Christensenellales; f__Christensenellaceae; g__Christensenellaceae_R-7_group; s__midas_s_292	0.9797091820328659
1f1ff56fd37c5c9b1a9ac7b1d99e10b0	k__Bacteria; p__Actinobacteriota; c__Thermoleophilia; o__Solirubrobacterales; f__67-14; g__midas_g_52; s__midas_s_52	0.9258625209380033
e6141036b0768b50c8079ce8ba7222f9	k__Bacteria; p__Proteobacteria; c__Gammaproteobacteria; o__Burkholderiales; f__Rhodocyclaceae; g__Dechlorobacter; s__midas_s_25444	0.9676409425496636
69dee006368ff49af541d111152b40c6	k__Bacteria; p__Firmicutes; c__Clostridia; o__Peptococcales; f__Peptococcaceae; g__midas_g_77817; s__midas_s_77817	0.9941041220726179
c88944b6267ea10d43d5ee264d29ae94	k__Bacteria; p__Firmicutes; c__Clostridia; o__Peptostreptococcales-Tissierellales; f__Anaerovoracaceae	0.9999371451364796
477487d12077a9fbaf195faaf466d827	k__Bacteria; p__Firmicutes; c__Clostridia	0.8395722521116168
54e41d7748bdb8fe71a73a47ad58423e	k__Bacteria; p__Firmicutes; c__Clostridia; o__Peptostreptococcales-Tissierellales; f__Serpentinicella; g__midas_g_75908	0.9974501648003913
d5e86e0fe7c13c5751606c96f3788345	k__Bacteria; p__Bacteroidota; c__Bacteroidia; o__Bacteroidales; f__Dysgonomonadaceae; g__Fermentimonas; s__midas_s_96616	0.7520883753678663
1d837cc6d80881adecbb106f01c1b042	k__Bacteria; p__Firmicutes; c__Dethiobacteria; o__Dethiobacterales; f__Dethiobacteraceae; g__midas_g_101467; s__midas_s_118673	0.8484607561167065
3e664fd7fbb22236a5603980e5cf3b77	k__Bacteria; p__Firmicutes; c__Bacilli; o__Bacillales; f__Bacillaceae; g__Bacillus; s__midas_s_108787	0.9736013832232543
f23be2076b7f3e2088503d4841c51f06	k__Bacteria; p__Firmicutes; c__Clostridia; o__Gracilibacteraceae; f__Gracilibacter; g__midas_g_669; s__midas_s_113719	0.9531527527653652
7f1023e871bcd3a4f7ac96f3a40c9a8d	k__Bacteria; p__Firmicutes; c__Clostridia; o__Lachnospirales; f__Lachnospiraceae; g__Anaerostignum; s__Anaerotignum_propionicum	0.9994483267530302
179e72f0ecdfeb920df685432f3f2d1a	k__Bacteria; p__Bacteroidota; c__Bacteroidia; o__Chitinophagales; f__Chitinophagaceae; g__Taibaiella; s__midas_s_72974	0.9997686911281356
b26eb5a5ca6820d220d5433b1cffa5e6	k__Bacteria; p__Proteobacteria; c__Alphaproteobacteria; o__Sphingomonadales; f__Sphingomonadaceae; g__Sphingopyxis; s__midas_s_22005	0.8150210861477656
b78bdac2d66434f67db2a71b6f893639	k__Bacteria; p__Firmicutes; c__Clostridia; o__Christensenellales; f__Christensenellaceae; g__Christensenellaceae_R-7_group; s__midas_s_54	0.9961100413804307
2da3ff46bfa58a914368731cfd699785	k__Bacteria; p__Actinobacteriota; c__Actinobacteria; o__Propionibacteriales; f__Propionibacteriaceae; g__Brooklawnia; s__midas_s_193	0.7018083204224748
4182c2b89710fb797b2813108857327a	k__Bacteria; p__Firmicutes; c__Limnochordia; o__MBA03; f__midas_f_112	0.9081674625928947
05771e0f1c5425fc486934e2beb87956	k__Bacteria; p__Firmicutes; c__Clostridia; o__Christensenellales; f__Christensenellaceae; g__Christensenellaceae_R-7_group; s__midas_s_240	0.8527412741857586
fe74d2e267ad3ebb8fbfe24bbb464049	k__Bacteria; p__Firmicutes; c__Bacilli; o__Izemoplasmatales; f__midas_f_16343; g__midas_g_31962; s__midas_s_31962	0.9999999095299513
34bc76cd76ea83cf74430a3bbb56ac82	k__Bacteria; p__Actinobacteriota; c__Acidimicrobiia; o__Microtrichales; f__Microtrichaceae; g__IMCC26207	0.9997343349789467
48d3df1c8c87428a5ef19a3ea0a4c6d1	k__Bacteria; p__Firmicutes; c__Bacilli; o__Erysipelotrichales; f__Erysipelotrichaceae; g__Turicibacter; s__Turicibacter_sanguinis	0.9962174467647893
2b335f368deba69c6c95c18da31dc5f4	k__Bacteria; p__Firmicutes; c__Clostridia; o__Clostridiales; f__Clostridiaceae; g__Clostridium_sensu_stricto_1	0.9999984118654301
0e487ab2d5669f87e21a4c0c09d8d952	k__Bacteria; p__Firmicutes; c__Clostridia; o__Oscillospirales; f__Ruminococcaceae; g__Angelakisella; s__midas_s_84240	0.8433532097391997
931f5be1037c1c313cde89dcc9b3474e	k__Bacteria; p__Firmicutes; c__Clostridia; o__Peptostreptococcales-Tissierellales; f__Peptostreptococcaceae; g__Terrisporobacter	0.9978481324869342
e4486fa2f00016fa6078468bfe73bb89	k__Bacteria; p__Firmicutes; c__Clostridia; o__Peptostreptococcales-Tissierellales; f__Family_XI; g__Tissierella	0.9998615344312891
87d677ac9d03dfe64ced766574686cd3	k__Bacteria; p__Firmicutes; c__Clostridia; o__Gracilibacteraceae; f__Gracilibacter; g__midas_g_669	0.8642218102425536
14cf2dc39880985bc2129f16b8f963f5	k__Bacteria; p__Firmicutes; c__Clostridia; o__Peptostreptococcales-Tissierellales; f__Family_XI; g__Tissierella; s__Tissierella_praeacuta	0.894173078062074
ecb98a93277315e15c7c0ac154f72d14	k__Archaea; p__Euryarchaeota; c__Methanobacteria; o__Methanobacteriales; f__Methanobacteriaceae	0.9946769238686747
669b72740b8bed1bcedbdbaa4b8be1e7	k__Bacteria; p__Hydrogenedentes; c__Hydrogenedentia; o__Hydrogenedentiales; f__Hydrogenedensaceae; g__midas_g_61343	0.7023388664969323
5ec4e02584b8c58b33bde92395188ffa	k__Bacteria; p__Actinobacteriota; c__Actinobacteria; o__Micrococcales; f__Microbacteriaceae; g__Leucobacter	0.9999416445187164
9f86297104372f6378c6bf3dc1a8e8ec	k__Bacteria; p__Chloroflexi; c__Chloroflexia; o__Thermomicrobiales; f__JG30-KF-CM45; g__midas_g_4042; s__midas_s_4681	0.9150328445193885
a6efdb52a04e05a2a1be52f5516784fa	k__Bacteria; p__Proteobacteria; c__Gammaproteobacteria; o__Burkholderiales; f__Rhodocyclaceae; g__Thauera	0.9999876356221198
9492bee356a8f7a4a2507cdb4f71df81	k__Bacteria; p__Firmicutes; c__Clostridia; o__Oscillospirales; f__Hungateiclostridiaceae	0.9999990372730779
9795a55dde06c4761698039cf60bd637	k__Bacteria; p__Firmicutes; c__Clostridia; o__Lachnospirales; f__Lachnospiraceae; g__Anaerocolumna; s__midas_s_101429	0.750720116535347
a01649ff3a222398d49af46d04781535	k__Bacteria; p__Actinobacteriota; c__Actinobacteria; o__Actinomycetales; f__Actinomycetaceae; g__midas_g_343	0.9999884923404526
7f0b196864a7620b20920d9883da587e	k__Bacteria; p__Firmicutes; c__Clostridia; o__Oscillospirales; f__Ruminococcaceae; g__Caproiciproducens	0.8465679211515921
4e4ca97fadb8b8e92470ccce2ff91460	k__Bacteria; p__Firmicutes; c__Clostridia; o__Peptococcales; f__Peptococcaceae; g__Dehalobacterium; s__midas_s_114306	0.7055819777652622
dbbd92eb5552c552aab4544c331ac6e2	k__Bacteria; p__Firmicutes; c__Clostridia; o__Oscillospirales; f__Ruminococcaceae	0.943853913673232
c4f3196c3b0c08f6f808e3ee3465b781	k__Bacteria; p__Firmicutes; c__Clostridia; o__Oscillospirales; f__Ruminococcaceae	0.9322270476109263
e36ac8cd7dc84d43bd2784fdc182f91a	k__Archaea; p__Euryarchaeota; c__Methanobacteria; o__Methanobacteriales; f__Methanobacteriaceae	0.9956236649545349
da131e54714432d2efe40ba671d42f55	k__Bacteria; p__Firmicutes; c__Clostridia; o__Peptostreptococcales-Tissierellales; f__Peptostreptococcaceae; g__Acetoanaerobium; s__Acetoanaerobium_pronyense	0.8957064044574142
e2c63d5718cf9ea95828084c3b843443	k__Bacteria; p__Firmicutes; c__Clostridia; o__Christensenellales; f__Christensenellaceae	0.9998861655400826
b13bb2b607c664faec95e66ac89c2b9f	k__Bacteria; p__Actinobacteriota; c__Actinobacteria; o__Micrococcales; f__Microbacteriaceae; g__Microbacterium	0.99997312663763
0b291123c105140e6524bb2a3cf8e278	k__Bacteria; p__Desulfobacterota; c__Syntrophia; o__Syntrophales; f__Smithellaceae; g__Smithella; s__midas_s_7762	0.8821350191478438
cf506e6252da1013261a93132ed38efe	k__Bacteria; p__Firmicutes; c__Clostridia; o__Peptostreptococcales-Tissierellales; f__Sedimentibacteraceae; g__Sedimentibacter	0.9999649511894458
b757c414a3bc227758c09624ca177986	k__Bacteria; p__Firmicutes; c__Syntrophomonadia; o__Syntrophomonadales; f__Syntrophomonadaceae; g__Syntrophomonas	0.919031712926101
746f3cae27d771bc96891a0953e4c4cf	k__Bacteria; p__Firmicutes; c__Clostridia; o__Christensenellales; f__Christensenellaceae; g__Christensenellaceae_R-7_group	0.9966439429129043
aa58fe86d0f5e4b909114de614e7a57e	k__Bacteria; p__Synergistota; c__Synergistia; o__Synergistales; f__Synergistaceae; g__Syner-01	0.9999925886648062
023bd97712c56fd071cfd4e6b41ee9c5	k__Archaea; p__Euryarchaeota; c__Methanobacteria; o__Methanobacteriales; f__Methanobacteriaceae	0.9951424571787931
20823322077cf511c8eff4f0840466fd	k__Bacteria; p__Proteobacteria; c__Gammaproteobacteria; o__Xanthomonadales; f__Xanthomonadaceae; g__Stenotrophomonas	0.9981061400835465
1d33e98c9d94c262ab0d8b56d0936eb4	k__Bacteria; p__Proteobacteria; c__Gammaproteobacteria; o__Burkholderiales; f__Comamonadaceae; g__Hydrogenophaga; s__midas_s_191	0.7025785697102739
9e54e8d50785a84f97b38e3eb665dda0	k__Bacteria; p__Desulfobacterota; c__Syntrophobacteria; o__Syntrophobacterales; f__Syntrophobacteraceae; g__Syntrophobacter	0.9900794635341598
197c1736a92b42d2671a7ea927a9d7d8	k__Bacteria; p__Proteobacteria; c__Alphaproteobacteria; o__Parvibaculales; f__Parvibaculaceae; g__Parvibaculum; s__Parvibaculum_lavamentivorans	0.8589679240973319
e94618b44f9856c9a2151cab1800a460	k__Bacteria; p__Proteobacteria; c__Alphaproteobacteria	0.9993041130099455
44a0db2c1577b17f55a0894c8f5f79ad	k__Bacteria; p__Firmicutes; c__Clostridia; o__Peptostreptococcales-Tissierellales; f__Serpentinicella; g__midas_g_75908	0.9696163155628839
bc15f0e20879b79188fa5ea9e191428c	k__Bacteria; p__Proteobacteria; c__Alphaproteobacteria; o__Rhodobacterales; f__Rhodobacteraceae	0.9999894057513891
eca00dcc9a01255b6cb66fbd5b3bd285	k__Bacteria	0.9998183645060744
0dda2781d785ae2fff6a81eabdeb9143	k__Bacteria; p__Firmicutes; c__Clostridia; o__Peptostreptococcales-Tissierellales	0.9219206243951632
9c90a0c962c8b6283f7a71b644fce90c	k__Bacteria; p__Synergistota; c__Synergistia; o__Synergistales; f__Synergistaceae; g__midas_g_249	0.9999983076828874
af62b8aa99dba188ac2f26d05dff89d1	k__Bacteria; p__Firmicutes; c__Clostridia; o__Clostridiales; f__Clostridiaceae; g__midas_g_1220; s__midas_s_84584	0.9950977477150935
482bb3761a6b11b4cfb4e1b618231157	k__Bacteria; p__Proteobacteria; c__Gammaproteobacteria; o__Burkholderiales; f__Comamonadaceae; g__Comamonas	0.9625736123965932
b7bc2902499297dc5de20e8748a42d33	k__Bacteria; p__Firmicutes; c__Dethiobacteria; o__Dethiobacterales; f__Dethiobacteraceae; g__Dethiobacter	0.9999307741535104
f0f5fe3a3ccc66ce7e67e82294654107	k__Bacteria; p__Bacteroidota; c__Bacteroidia; o__Cytophagales; f__Cyclobacteriaceae; g__midas_g_83754	0.913885370107222
1aede2d5c2e052cf33e4fbbc76abf4bb	k__Archaea; p__Halobacterota; c__Methanosarcinia; o__Methanosarciniales; f__Methanosarcinaceae; g__Methanosarcina	0.9999998978535897
aedbba308186e3ca9e8ad4265459f1dc	k__Bacteria; p__Firmicutes; c__Clostridia; o__Christensenellales; f__Christensenellaceae; g__Christensenellaceae_R-7_group	0.9338220991850595
961ec9d99e7b8b2d427f2099a2f7762e	k__Bacteria; p__Proteobacteria; c__Gammaproteobacteria; o__Enterobacterales; f__Enterobacteriaceae	0.9996675171016323
4835c874610f20a02421b283dbe2f2b6	k__Bacteria; p__Firmicutes; c__Clostridia; o__Christensenellales; f__Christensenellaceae; g__Christensenellaceae_R-7_group; s__midas_s_3624	0.9642784050301068
dd07e924156039f8e953d5ea58ab5023	k__Bacteria; p__SAR324_cladeMarine_group_B; c__midas_c_814; o__midas_o_928; f__Ca_Phosphitivoracaceae; g__Ca_Phosphitivorax; s__Ca_Phosphitivorax_butyraticus	0.9979915473767438
495cc889a2e82868482b1feb2f71fbd0	k__Bacteria; p__Actinobacteriota; c__Actinobacteria; o__Corynebacteriales; f__Mycobacteriaceae; g__Mycobacterium	0.9999855551487428
021d1583edfe105a9c99264ea9f3d2d6	k__Bacteria; p__Bacteroidota; c__Bacteroidia; o__Bacteroidales; f__Dysgonomonadaceae; g__Proteiniphilum; s__midas_s_63906	0.7865679065204422
051d14c7d7e9a5358e8da8a52b48bca3	k__Bacteria; p__Bacteroidota; c__Bacteroidia; o__Bacteroidales; f__Marinilabiliaceae	0.9989356682377667
cb7323a2bbb0bc04c1c509223625d45e	k__Bacteria; p__Cloacimonadota; c__Cloacimonadia; o__Cloacimonadales; f__Cloacimonadaceae; g__Ca_Cloacimonas	0.9999977436074451
9d99d526fcc687d5610f2ec49cf309da	k__Bacteria; p__Proteobacteria; c__Alphaproteobacteria; o__Rhodobacterales; f__Rhodobacteraceae	0.9999968061825603
e95282c3197d4315d84f31d177642c58	k__Bacteria; p__Firmicutes; c__Clostridia	0.8006700989345251
18ec5da6c765ede0c426af393f8ce656	k__Bacteria; p__Actinobacteriota; c__Thermoleophilia; o__Gaiellales; f__midas_f_269; g__midas_g_531; s__midas_s_531	0.996901451311148
40870adeb00d39b72fbca1d2be29ab07	k__Bacteria; p__Firmicutes; c__Dethiobacteria; o__Dethiobacterales; f__Dethiobacteraceae; g__midas_g_115459; s__midas_s_115459	0.7704201067206021
9cef27fb5c42d04a7e949300061958c1	k__Bacteria; p__Actinobacteriota; c__Actinobacteria; o__Propionibacteriales; f__Propionibacteriaceae; g__midas_g_497	0.999999876859136
0baae4d70749907f3e1f9be33a159e80	k__Bacteria; p__Firmicutes; c__Clostridia; o__Lachnospirales; f__Lachnospiraceae	0.9999960317876001
62e1d1dac671aff6e6dc206418fd79c6	k__Bacteria; p__Firmicutes; c__Bacilli; o__Bacillales; f__Bacillaceae	0.7519384890413942
aa20c972229ba580ad2044118ab67181	k__Bacteria; p__Actinobacteriota; c__Actinobacteria; o__Actinomycetales; f__Actinomycetaceae; g__Actinomyces	0.9712898739743088
50bef0776b442d38fe4de5a83b9187a8	k__Bacteria; p__Firmicutes; c__Clostridia; o__Clostridiales; f__Clostridiaceae; g__Clostridium_sensu_stricto_11; s__Clostridium_senegalense	0.9996340662765228
7ba3402ab86ac791941e0dc862234ee8	k__Bacteria; p__Synergistota; c__Synergistia; o__Synergistales; f__Synergistaceae; g__midas_g_5426; s__midas_s_5426	0.9979409172981801
2d4f702bfdf848fddbfe1e84a30c73b1	k__Bacteria; p__Firmicutes; c__Limnochordia; o__B55-F-B-G02; f__midas_f_3498; g__midas_g_116109; s__midas_s_116109	0.749411254676764
676c29f329b29adbd48921804b86030e	k__Bacteria; p__Bacteroidota; c__Bacteroidia; o__Chitinophagales; f__Chitinophagaceae; g__midas_g_10303; s__midas_s_10303	0.9968538644614781
a2d7858371e9ced4340fa18a2ded7255	k__Bacteria; p__Firmicutes; c__Clostridia; o__Peptostreptococcales-Tissierellales; f__Serpentinicella; g__midas_g_75908	0.9945110246212097
22958f01426d8f1fe3f4922e13710669	k__Bacteria; p__Actinobacteriota; c__Actinobacteria; o__midas_o_5; f__midas_f_5; g__midas_g_399; s__midas_s_399	0.9999270308768481
3ade0fa13e56aac194bb3373200d6def	k__Bacteria; p__Cloacimonadota; c__Cloacimonadia; o__Cloacimonadales; f__Cloacimonadaceae; g__Ca_Cloacimonas; s__midas_s_301	0.8848434397621697
9bc997e8ebea77d717faea18a7bf4708	k__Bacteria; p__Actinobacteriota; c__Actinobacteria; o__midas_o_5; f__midas_f_5; g__midas_g_100; s__midas_s_151	0.7524032552495092
f0547f74dbcfeca9eef70572311914b5	k__Bacteria; p__Synergistota; c__Synergistia; o__Synergistales; f__Synergistaceae; g__midas_g_2022	0.9999999476211754
48ca5b4f7cb58d4a146837de341a2604	k__Bacteria; p__Proteobacteria; c__Alphaproteobacteria; o__Rhodobacterales; f__Rhodobacteraceae; g__Rhodobacter	0.8353558739897042
d8f2eba07489316f7c8a27d0e18fed13	k__Bacteria; p__Proteobacteria; c__Gammaproteobacteria; o__Burkholderiales; f__Rhodocyclaceae; g__Azoarcus; s__midas_s_70352	0.7336394375039358
f8ec439cb9f26e97be2793df3c52b03d	k__Bacteria; p__Actinobacteriota; c__Actinobacteria; o__Corynebacteriales; f__Nocardiaceae; g__Gordonia	0.9999667402147059
43a52ec4605b37f3671b33e61ff6fedd	k__Bacteria; p__Bacteroidota; c__Bacteroidia; o__Bacteroidales; f__Rikenellaceae; g__midas_g_36215; s__midas_s_87061	0.9999375822738877
c63c5d8abeb7abd9c7086b6175696ed0	k__Archaea; p__Euryarchaeota; c__Methanobacteria; o__Methanobacteriales; f__Methanobacteriaceae; g__Methanobacterium; s__midas_s_9526	0.9983167595412931
87db021bd3fb687eba7b420338158435	k__Bacteria; p__Firmicutes; c__Limnochordia; o__midas_o_1979; f__midas_f_1979; g__midas_g_91392; s__midas_s_92560	0.7911111342878393
7560406411c714b613d36584ec43158e	k__Bacteria; p__Firmicutes; c__Clostridia; o__Oscillospirales	0.9992089485810793
6178807a00a64843e5bb9f31f0a5f42c	k__Bacteria; p__Firmicutes; c__Clostridia; o__Oscillospirales; f__Oscillospiraceae; g__midas_g_119665; s__midas_s_119665	0.9790465036121017
924ba8e00fb9f76de6bf217aac8ca9d4	k__Bacteria; p__Firmicutes; c__D8A-2; o__midas_o_5025; f__midas_f_93128; g__midas_g_93128; s__midas_s_93732	0.9972622327273457
13efaa5d6275afc1fb9c16b8aba581f8	k__Bacteria; p__Firmicutes; c__Clostridia; o__Gracilibacteraceae; f__Lutispora; g__midas_g_1251; s__midas_s_97195	0.8596426742132972
ebef4f7d86a3b71b870100599f233ff8	k__Bacteria; p__Firmicutes; c__Clostridia; o__Christensenellales; f__Christensenellaceae; g__Christensenellaceae_R-7_group; s__midas_s_109940	0.8579782216324138
c3af214d893effd068a006e158297edc	k__Bacteria; p__Firmicutes; c__Clostridia; o__Oscillospirales; f__Butyricicoccaceae; g__UCG-009; s__midas_s_84783	0.9941277156634585
e351ff2570360ae0b6c68b9b864b0870	k__Bacteria; p__Synergistota; c__Synergistia; o__Synergistales; f__Synergistaceae; g__EBM-39	0.9999999883343061
9711e5e56376fe411f8d9ca9e739c6f1	k__Bacteria; p__Firmicutes; c__Clostridia; o__Christensenellales; f__Christensenellaceae; g__Christensenellaceae_R-7_group	0.9991444504491404
a84e1039f9b157a2085d23b4114bc888	k__Bacteria; p__Armatimonadota; c__Chthonomonadetes; o__Chthonomonadales; f__midas_f_6187; g__midas_g_6187; s__midas_s_6187	0.9999999989775575
aa969cb317890a0ac3e342ab73ce6dc1	k__Bacteria; p__Firmicutes; c__Clostridia; o__Christensenellales; f__Christensenellaceae; g__Christensenellaceae_R-7_group	0.9987568403982326
39e235f5a63bc73742a9afeee4b878f5	k__Bacteria; p__Proteobacteria; c__Gammaproteobacteria; o__Pseudomonadales; f__Moraxellaceae; g__Acinetobacter	0.9999991966643526
ee14afe4571845779465f8dc9646c7b4	k__Bacteria; p__Firmicutes; c__Clostridia; o__Christensenellales; f__Christensenellaceae; g__Christensenellaceae_R-7_group	0.9956237422400454
9b6a7459b2c92cee0abfc36d503488b7	k__Bacteria; p__Proteobacteria; c__Alphaproteobacteria; o__Caulobacterales; f__Caulobacteraceae; g__Brevundimonas	0.9999932876258445
aca43babf06d3410ce71cad5778ff102	k__Bacteria; p__Firmicutes; c__Clostridia; o__Gracilibacteraceae; f__Gracilibacter; g__midas_g_669	0.8291481290886679
caafd6d1ef718ac1a2b7473f47d9340b	k__Bacteria; p__Proteobacteria; c__Alphaproteobacteria; o__Rhizobiales; f__Xanthobacteraceae; g__Afipia	0.993498340386938
60a7610384069845a2443423058251a4	k__Bacteria; p__Firmicutes; c__Clostridia; o__Peptostreptococcales-Tissierellales; f__Sedimentibacteraceae; g__Sedimentibacter	0.9999711204781851
6868203f42c3571c5d284d6fd8077b84	k__Bacteria; p__WS1; c__midas_c_796; o__midas_o_796; f__midas_f_2296; g__midas_g_2296; s__midas_s_2296	0.9999863477426043
26ef86afa44dbbdebbae8f35e590f52e	k__Bacteria; p__Proteobacteria; c__Alphaproteobacteria; o__Rhodobacterales; f__Rhodobacteraceae; g__Amaricoccus	0.9706106095316124
65c689dc4b8772012494d43535fd1102	k__Bacteria; p__Actinobacteriota; c__Thermoleophilia; o__Solirubrobacterales; f__Solirubrobacteraceae; g__midas_g_21833; s__midas_s_21833	0.9999958490186353
cbe80782cb7eff2eb8427fae47b49d1a	k__Bacteria; p__Firmicutes; c__Clostridia; o__Proteinivoracales; f__midas_f_1799	0.9381178914704579
b7ae634ecd3e2b7ecd79ec0f6811f503	k__Bacteria; p__Proteobacteria; c__Alphaproteobacteria; o__Rhodobacterales; f__Rhodobacteraceae	0.9996570418619628
24b5476371dc34ef4f12b359d6ea6fe4	k__Bacteria; p__Firmicutes; c__Clostridia; o__Oscillospirales; f__Hungateiclostridiaceae; g__midas_g_76594; s__midas_s_76594	0.999499113072708
c99bcc4ed3b2887c914e9faf48d63e3f	k__Bacteria; p__Proteobacteria; c__Alphaproteobacteria; o__Rhizobiales; f__Xanthobacteraceae	0.9999156439536552
95d0db82a69ee10f3b5ed0f06ba96949	k__Bacteria; p__Firmicutes; c__Limnochordia; o__MBA03; f__midas_f_112; g__midas_g_109803	0.801819194129747
e1809c067af83a3dc4623ce28f35fe79	k__Bacteria; p__Bacteroidota; c__Bacteroidia; o__Bacteroidales; f__Bacteroidetes_vadinHA17; g__midas_g_19	0.9970411121458526
a35cb9ab8e98072e9a43f7285279bcde	k__Bacteria; p__Firmicutes; c__Dethiobacteria; o__Dethiobacterales; f__Dethiobacteraceae; g__Dethiobacter	0.9999854272617149
f9ceb4443de3c6d51433fa57c3ade975	k__Bacteria; p__Cloacimonadota; c__Cloacimonadia; o__Cloacimonadales; f__Cloacimonadaceae; g__LNR_A2-18	0.9951039603697172
a0ccae889b93969deefa92b4da7cb2f7	k__Bacteria; p__Firmicutes; c__Clostridia; o__Oscillospirales; f__Ruminococcaceae; g__Caproiciproducens	0.8149637074514587
bfeb406eac391881a6599911d4643acb	k__Bacteria; p__Firmicutes; c__Bacilli; o__Bacillales; f__Bacillaceae; g__Bacillus; s__midas_s_108787	0.9439425668954643
840e058fa20744d5348c023c25e7d232	k__Bacteria; p__Firmicutes; c__Bacilli; o__Lactobacillales; f__Enterococcaceae; g__Enterococcus	0.9422909736501482
7f720c6236eb357494a440d44dfc1259	k__Bacteria; p__Firmicutes; c__Clostridia; o__Peptostreptococcales-Tissierellales; f__Sedimentibacteraceae; g__Sedimentibacter	0.9999559270386182
f0edde70fa1e568fe1079e75617d91cc	k__Bacteria; p__Proteobacteria; c__Gammaproteobacteria; o__Burkholderiales; f__Comamonadaceae	0.9999918068401334
1b6a74219c50e2431e29f79c7759fe5c	k__Bacteria; p__Bacteroidota; c__Bacteroidia; o__Bacteroidales; f__Dysgonomonadaceae; g__Petrimonas; s__Petrimonas_sulfuriphila	0.8230633157097861
f8c8cdc38f175e31f80c5dfa248268a3	k__Bacteria; p__Bacteroidota; c__Bacteroidia; o__Bacteroidales; f__Bacteroidaceae; g__Bacteroides; s__midas_s_56922	0.9891814151508366
04749d839f517a8461ff731c4a0a4b60	k__Bacteria; p__Bacteroidota; c__Bacteroidia; o__Bacteroidales; f__Dysgonomonadaceae; g__Petrimonas; s__Petrimonas_sulfuriphila	0.7186965942590575
156a402b519fade7962c79d598bc36ba	k__Bacteria; p__Firmicutes; c__Clostridia; o__Gracilibacteraceae; f__Gracilibacter; g__midas_g_669	0.8346462520676952
7a7c96429cd038c333985399c9eb963c	k__Bacteria; p__Planctomycetota; c__Planctomycetes; o__Pirellulales; f__Pirellulaceae; g__midas_g_36376; s__midas_s_36376	0.9999999889816139
2ba4d1457701b8d28dbd13027db70a4e	k__Bacteria; p__Proteobacteria; c__Gammaproteobacteria; o__Burkholderiales; f__Comamonadaceae	0.9999997056011606
cdca9493b75d6f01d7b63640cf6d8ba4	k__Bacteria; p__Campylobacterota; c__Campylobacteria; o__Campylobacterales; f__Sulfurospirillaceae; g__Sulfurospirillum; s__Sulfurospirillum_cavolei	0.9843542417323154
047ab7f37ccc35c6144cc1896bc32a69	k__Bacteria; p__Proteobacteria; c__Gammaproteobacteria; o__Enterobacterales; f__Enterobacteriaceae	0.9994101366742454
a0376c2f2588fc343f6a4ed744cc771f	k__Bacteria; p__Proteobacteria; c__Gammaproteobacteria; o__Burkholderiales	0.9999833215935924
74733b3a404e0fd05016159ab938bbc7	k__Bacteria; p__Bacteroidota; c__Bacteroidia; o__Sphingobacteriales; f__Lentimicrobiaceae; g__Lentimicrobium; s__midas_s_63579	0.7351872965416801
a184b299cd873f616a87584d4cba0f4f	k__Archaea; p__Euryarchaeota; c__Methanobacteria; o__Methanobacteriales; f__Methanobacteriaceae; g__Methanobacterium; s__Methanobacterium_beijingense	0.9892533656536767
916d15ab17794198ea4c5ad1e3fb6258	k__Bacteria; p__Firmicutes; c__Desulfotomaculia; o__Desulfotomaculales; f__Desulfurisporaceae; g__Desulfurispora; s__midas_s_73526	0.8584589608332783
29d5a1f45c97760080e874715394bcfe	k__Bacteria; p__Halanaerobiaeota; c__Halanaerobiia; o__Halanaerobiales; f__Halobacteroidaceae; g__midas_g_109927; s__midas_s_109927	0.8795565135248432
c5f63d06bc0e136c998bf43f719776c3	k__Bacteria; p__Bacteroidota; c__Bacteroidia; o__Bacteroidales; f__Marinilabiliaceae; g__Mangroviflexus; s__midas_s_17009	0.8718623509278863
ce21e0d8c29a8e91b8f8ed03fb21d296	k__Bacteria; p__Bacteroidota; c__Bacteroidia; o__Bacteroidales; f__Dysgonomonadaceae; g__Fermentimonas	0.9995696729098192
fa6c667a0c90cb8c3ea746942c1e69cf	k__Bacteria; p__Firmicutes; c__Clostridia; o__Oscillospirales; f__Oscillospiraceae; g__midas_g_102931; s__midas_s_102931	0.9659773496544675
07bb3ab197992af0b741d1b71fc16c74	k__Bacteria; p__Firmicutes; c__Clostridia; o__Oscillospirales; f__Hungateiclostridiaceae; g__Fastidiosipila; s__midas_s_1210	0.8840317748846357
b9d27d1dc44fea66778479161f6ed7c6	k__Bacteria; p__Firmicutes; c__Clostridia; o__Christensenellales; f__Christensenellaceae; g__Christensenellaceae_R-7_group; s__midas_s_54958	0.9826170042969694
c980d01916c5fb005e39bed31712dee5	k__Bacteria; p__Firmicutes	0.8885153886012261
2096bed8d8d3c009cd128c5f66954ed4	k__Bacteria; p__Bacteroidota; c__Bacteroidia; o__Bacteroidales; f__Prolixibacteraceae; g__midas_g_12; s__midas_s_12	0.837193218978119
40da09c73f84b20e7a882a02f485f1f3	k__Bacteria; p__Firmicutes; c__midas_c_145; o__Gelria	0.9820868641793546
da28c80a7a1b2838789eb2ad598db9a0	k__Bacteria; p__Firmicutes; c__Thermoanaerobacteria; o__Thermoanaerobacterales; f__SRB2; g__midas_g_97954	0.8132908383890403
0d01943ed06ec0c8998ac39665f5452a	k__Bacteria; p__Firmicutes	0.9973724481070305
687530ef97a8574b08b65e6100ed1f16	k__Bacteria; p__Firmicutes; c__Clostridia; o__Oscillospirales; f__Hungateiclostridiaceae	0.9999991626817052
564dff3148781f436e49ebbfb2590a6a	k__Bacteria; p__Proteobacteria; c__Alphaproteobacteria; o__Rhizobiales; f__Rhizobiaceae; g__Pseudaminobacter	0.721220236639275
5db694edf839eff28cb6a47bb5b50693	k__Bacteria; p__Planctomycetota; c__Planctomycetes; o__Pirellulales; f__Pirellulaceae; g__Pir4_lineage; s__midas_s_6709	0.9839204951662591
3e09043820433588bf896d8e55bc1423	k__Bacteria; p__Firmicutes; c__midas_c_4; o__midas_o_4; f__midas_f_222; g__midas_g_110683	0.9954127964053845
eccd8d734ee6af96b42328e6e5a1d507	k__Bacteria; p__Firmicutes; c__Clostridia; o__Peptostreptococcales-Tissierellales; f__Alkaliphilus; g__Alkaliphilus_oremlandii_OhILAs	0.9012990561670772
68df70d4bee099629f704201f7295b5d	k__Bacteria; p__Firmicutes; c__Clostridia; o__Eubacteriales; f__Eubacteriaceae; g__Acetobacterium	0.9999998959847058
0530769e11e7f6b51e29aec47064b7cf	k__Bacteria; p__Firmicutes; c__Clostridia; o__Oscillospirales; f__Oscillospiraceae	0.9998908876769477
04cbafdfd68c078df2df3777bd59de21	k__Bacteria; p__Firmicutes; c__Bacilli; o__Bacillales; f__Bacillaceae; g__Bacillus; s__midas_s_108787	0.9987975251360057
8d6e9c000ccfb1a2eb70d805990db95d	k__Bacteria; p__Firmicutes; c__Clostridia; o__Lachnospirales; f__Lachnospiraceae; g__Tuzzerella; s__midas_s_110397	0.8748711070201546
816049bb0d04d104e9bc79d797b7b2e9	k__Bacteria; p__Bacteroidota; c__Bacteroidia; o__Bacteroidales; f__Dysgonomonadaceae; g__Petrimonas; s__Petrimonas_sulfuriphila	0.7374998931811538
1351e87aa6c89a114e5104be8fe7c817	k__Bacteria; p__Firmicutes; c__Clostridia; o__Clostridiales; f__Clostridiaceae; g__Clostridium_sensu_stricto_1; s__midas_s_57494	0.9997572395805451
f61f4c9b8258738ad3ee7663e43e7907	k__Bacteria; p__Firmicutes; c__Clostridia; o__Oscillospirales; f__Oscillospiraceae; g__midas_g_82137	0.7568625326509638
6dd5ed4821791270f8b6b5884753dc5a	k__Bacteria; p__Firmicutes; c__Clostridia; o__Peptococcales; f__Peptococcaceae; g__midas_g_77817; s__midas_s_77817	0.9943117998643486
94ef08db649a5339b6de95109a8bad0f	k__Bacteria; p__Proteobacteria; c__Gammaproteobacteria; o__Pseudomonadales; f__Pseudomonadaceae; g__Pseudomonas; s__Pseudomonas_stutzeri	0.9961060461336828
7f5761a2d9300fc786fb0f180c50d1c4	k__Bacteria; p__Spirochaetota; c__Spirochaetia; o__Spirochaetales; f__Spirochaetaceae; g__Sphaerochaeta; s__midas_s_92051	0.8200060554435664
ba6bc4c3f11394ddeb20d0be26876b26	k__Bacteria; p__Synergistota; c__Synergistia; o__Synergistales; f__Synergistaceae; g__EBM-39	0.99999998751323
d801b2110a503327da848c95357ca4a5	k__Bacteria; p__Desulfobacterota; c__Desulfuromonadia; o__Desulfuromonadales; f__Desulfuromonadaceae; g__Trichloromonas; s__midas_s_31283	0.8670708613669824
43c8008fb032a5ed2cb06dafa83e23ec	k__Bacteria; p__Firmicutes; c__Clostridia; o__Oscillospirales; f__Oscillospiraceae; g__NK4A214_group; s__midas_s_101067	0.7778704395587438
780a07b0a7061ad097b50ab721870c68	k__Bacteria; p__Proteobacteria; c__Alphaproteobacteria; o__Sphingomonadales; f__Sphingomonadaceae; g__Sphingopyxis; s__midas_s_22005	0.8268112907456423
82520638c5842f94b7203788b78b3b92	k__Bacteria; p__Firmicutes; c__Clostridia; o__Peptococcales; f__Peptococcaceae; g__midas_g_112372; s__midas_s_112372	0.9625154285251712
6148c6e49d72c0f24a187a979ba7a5aa	k__Bacteria; p__Actinobacteriota; c__Actinobacteria; o__Propionibacteriales; f__Propionibacteriaceae	0.9999997329181005
0ef7e12e6eb35a8fd9fac7badac0c381	k__Bacteria; p__Chloroflexi; c__Anaerolineae; o__RBG-13-54-9; f__midas_f_4245; g__midas_g_49937; s__midas_s_49937	0.9127712588098565
6de274487e1c875df3c574ec3fcd05d0	k__Bacteria; p__Firmicutes; c__Clostridia; o__Peptostreptococcales-Tissierellales; f__Anaerovoracaceae; g__Anaerovorax; s__midas_s_8128	0.991691309316379
de6e665cc2a0ca6ca74b71b0581558e7	k__Archaea; p__Thermoplasmatota; c__Thermoplasmata; o__Methanomassiliicoccales; f__Methanomassiliicoccaceae; g__Methanomassiliicoccus	0.9999971104124352
68c7aa8355d0b7c6e75c67d5df51d569	k__Bacteria; p__Firmicutes; c__Clostridia; o__Clostridiales; f__Caloramatoraceae; g__Thermobrachium; s__midas_s_80039	0.9999985819369607
f34bff23d0ffd88f76e8017e5281fa69	k__Bacteria; p__Firmicutes; c__Clostridia; o__Peptostreptococcales-Tissierellales; f__Peptostreptococcaceae; g__Intestinibacter; s__Intestinibacter_bartlettii	0.9510632456777717
6b68ebbc9e9e8d26fa7018cf163d4848	k__Bacteria; p__Proteobacteria; c__Alphaproteobacteria; o__Rhodobacterales; f__Rhodobacteraceae; g__midas_g_75; s__midas_s_75	0.9911891645880007
494686a85ca80380a18f37e6e723f6ff	k__Bacteria; p__Proteobacteria; c__Gammaproteobacteria; o__midas_o_147; f__midas_f_2362; g__Ca_Ovatusbacter; s__midas_s_40613	0.7078199827491974
664e1ee046659d47ded4a40ad1133a33	k__Bacteria; p__Spirochaetota; c__Leptospirae; o__Leptospirales; f__Leptospiraceae; g__RBG-16-49-21; s__midas_s_112445	0.8936794981627878
a4f5e4b88460bc4713747b9e266d3144	k__Bacteria; p__Chloroflexi; c__Anaerolineae; o__MSB-5E12; f__midas_f_92558; g__midas_g_114252; s__midas_s_119547	0.9997224389616446
feec8d91c6be13d10b577e62ebd689e9	k__Bacteria; p__Firmicutes; c__Clostridia; o__Peptostreptococcales-Tissierellales; f__Peptostreptococcaceae; g__Romboutsia; s__Romboutsia_lituseburensis	0.9771564416700182
80ec5ef8c3af388c768221021941877e	k__Bacteria; p__Firmicutes; c__Clostridia; o__Monoglobales; f__Monoglobaceae; g__midas_g_93666	0.7705848165578988
3fb688a9024c5d9e0c97cf7a6859063a	k__Bacteria; p__Firmicutes; c__Clostridia; o__Oscillospirales; f__Ruminococcaceae	0.8304342853438863
c9a5de56046a818a6f69569090af6d1c	k__Bacteria; p__Firmicutes; c__Clostridia; o__Clostridiales; f__Caloramatoraceae; g__Fonticella; s__midas_s_99462	0.9999933356708178
ec0ca50d7a1c6ee56a7ed9d776d9c0d1	k__Bacteria; p__Firmicutes; c__Clostridia; o__Clostridiales; f__Oxobacteraceae	0.9507461272389237
b4a43014ba9be71616865c6b89142039	k__Bacteria; p__Firmicutes; c__Clostridia; o__Lachnospirales; f__Lachnospiraceae; g__Lachnoclostridium	0.740038823633251
0cd94b3b1df7169c3aa6b70c5992cc11	k__Bacteria; p__Proteobacteria; c__Gammaproteobacteria; o__Xanthomonadales; f__Xanthomonadaceae; g__Stenotrophomonas	0.9959968049076496
ed8d4ddbcd038b4a641db9544d629437	k__Bacteria; p__Firmicutes; c__Clostridia; o__Christensenellales; f__Christensenellaceae; g__Christensenellaceae_R-7_group	0.9996930159737918
c4118088ab2644671a1d9d540c060b19	k__Bacteria; p__Firmicutes; c__Limnochordia; o__Limnochordales; f__Limnochordaceae; g__midas_g_92370; s__midas_s_95947	0.7227173914700037
f8a7dfd610756eae88194f6b418f8083	k__Bacteria; p__Firmicutes; c__Clostridia; o__Oscillospirales; f__Oscillospiraceae; g__Colidextribacter	0.9991427381489326
9ca522266700affe72ba707b3e043cd5	k__Bacteria; p__Firmicutes; c__Clostridia; o__Gracilibacteraceae; f__Lutispora; g__midas_g_94288; s__midas_s_99172	0.9261313603314516
066d92188280e546b48d3aa3340e85fb	k__Bacteria; p__Synergistota; c__Synergistia; o__Synergistales; f__Synergistaceae; g__Syner-01	0.9999857796237147
753966054ad322c54a6fa82af8122cc5	k__Bacteria; p__Firmicutes; c__Clostridia; o__Lachnospirales; f__Lachnospiraceae; g__Lachnoclostridium	0.8260256964514117
213ec0ef843de45b3db9302876229bed	k__Bacteria; p__Proteobacteria; c__Gammaproteobacteria; o__Burkholderiales; f__Comamonadaceae; g__Hydrogenophaga	0.9818304126561034
b70d9e354ae04afb39870618f7a07b8b	k__Bacteria; p__Armatimonadota; c__Chthonomonadetes; o__Chthonomonadales; f__midas_f_6187; g__midas_g_6187; s__midas_s_6187	0.9999999992303117
2b4fde1880d2dd56d6d7d28559c5d1eb	k__Bacteria; p__Firmicutes; c__Clostridia; o__Peptostreptococcales-Tissierellales; f__Sedimentibacteraceae; g__Sedimentibacter	0.9903885760481954
80b0dd7e363e6128b4335d08d57b5618	k__Bacteria; p__Firmicutes; c__Clostridia; o__Oscillospirales; f__Ruminococcaceae; g__Ca_Soleaferrea; s__midas_s_101494	0.9692715208594997
5837405da6036e7481240160de143774	k__Bacteria; p__Firmicutes; c__Clostridia; o__Oscillospirales; f__UCG-010; g__midas_g_112760; s__midas_s_112760	0.977867685479674
702860fda44c0d44ddacb5bd79fd5d24	k__Archaea; p__Halobacterota; c__Methanosarcinia; o__Methanosarciniales; f__Methanosaetaceae; g__Methanothrix	0.9999999999999727
f447399c350bb88ee20b0acd251b47ec	k__Bacteria; p__Desulfobacterota; c__Desulfobulbia; o__Desulfobulbales; f__Desulfobulbaceae; g__Desulfobulbus	0.9999984412224472
2d86655f5770d1ddf5947021a53b57cb	k__Bacteria; p__Planctomycetota; c__Phycisphaerae; o__Pla1_lineage; f__midas_f_3438; g__midas_g_4387; s__midas_s_43351	0.8151435111592237
4cec2826da45c90930f69ae290165f1d	k__Bacteria; p__Desulfobacterota; c__Syntrophorhabdia; o__Syntrophorhabdales; f__Syntrophorhabdaceae; g__Syntrophorhabdus; s__midas_s_41	0.9699594641814304
7a0ea2238a0ff9e1eab62d1b2a66a3d7	k__Bacteria; p__Firmicutes; c__Clostridia; o__Oscillospirales; f__Hungateiclostridiaceae; g__Ercella; s__midas_s_78238	0.913654027849928
6bbba65392a923662648a61d94002b30	k__Bacteria; p__Firmicutes; c__Clostridia; o__Lachnospirales; f__Lachnospiraceae; g__midas_g_107376	0.7107717456275577
e4f911932f38c8262fdb9844794aa28b	k__Bacteria; p__Firmicutes; c__Clostridia; o__Oscillospirales; f__Hungateiclostridiaceae	0.9901250954555368
192eb6a337d90a7b0a50b17179ff99eb	k__Bacteria; p__Actinobacteriota; c__Actinobacteria; o__Corynebacteriales; f__Corynebacteriaceae; g__Corynebacterium; s__midas_s_5929	0.9724574889265574
164212c0910ca9770a6bd13bcb2c5d05	k__Bacteria; p__Proteobacteria; c__Alphaproteobacteria; o__Caulobacterales; f__Hyphomonadaceae; g__Hyphomonas	0.99999815388701
5b3ae10206715c2976a983cb2eef902e	k__Bacteria; p__Chloroflexi; c__Anaerolineae; o__Anaerolineales; f__Anaerolineaceae; g__Levilinea; s__midas_s_7089	0.8461861294933137
613a529206f7a8428ca4bb000c908d35	k__Bacteria; p__Firmicutes; c__Clostridia; o__Lachnospirales; f__Lachnospiraceae; g__Epulopiscium; s__midas_s_71938	0.9996234189229256
194253bf7725522741f6f5467928510d	k__Bacteria; p__Firmicutes; c__Clostridia; o__Clostridia_vadinBB60_group; f__midas_f_54; g__midas_g_4325	0.9984645062343129
124cf22125895521b8cfe8d7d8d56d8a	k__Bacteria; p__Firmicutes; c__Clostridia; o__Peptostreptococcales-Tissierellales; f__Anaerovoracaceae; g__Anaerovorax	0.9130309695319484
3ae3a933b6350ff99dc0ec6278de0963	k__Bacteria; p__Bacteroidota; c__Bacteroidia; o__Bacteroidales; f__Rikenellaceae; g__midas_g_36215; s__midas_s_82500	0.9966395354309548
2903ba7d92501d3c3107b1802174f473	k__Bacteria; p__Firmicutes; c__Clostridia; o__Clostridiales; f__Clostridiaceae; g__Clostridium_sensu_stricto_13; s__midas_s_88977	0.999044623061535
68c0d62cad841fbf52eb5c92f9f2f0ff	k__Bacteria; p__Synergistota; c__Synergistia; o__Synergistales; f__Synergistaceae; g__Syner-01	0.9999822794294458
43d2e766e975ed78249040b1bf9f754d	k__Bacteria; p__Armatimonadota; c__Chthonomonadetes; o__Chthonomonadales; f__midas_f_6187; g__midas_g_6187; s__midas_s_6187	0.999999999653653
f028df8f84e6a5ff0a4512a509e23477	k__Bacteria; p__Firmicutes; c__Clostridia; o__Peptostreptococcales-Tissierellales; f__Gottschalkia; g__Andreesenia_angusta; s__midas_s_44566	0.9007830172095646
75f0637471d7ce2426854339e80039f7	k__Bacteria; p__Firmicutes; c__Clostridia; o__Peptostreptococcales-Tissierellales; f__Family_XI; g__midas_g_1981; s__midas_s_114206	0.781878130111206
6a00993959cfffcd3e54203b0cb659a2	k__Bacteria; p__Firmicutes; c__Desulfitobacteriia; o__Desulfitobacteriales; f__Syntrophobotulaceae; g__Dehalobacter	0.9356683065812972
e8b184a091b069447aaa71429105e326	k__Bacteria; p__Proteobacteria; c__Alphaproteobacteria; o__Sphingomonadales; f__Sphingomonadaceae; g__Sphingopyxis; s__Sphingopyxis_granuli	0.8953835010480138
2d48175c104107d4d4e4f5e8dd9a0a22	k__Bacteria; p__Firmicutes; c__Clostridia; o__Eubacteriales; f__Eubacteriaceae; g__Acetobacterium	0.9999997654887112
a0617bf8b7ab8801b3b29c0cd46648fc	k__Bacteria; p__Firmicutes; c__Clostridia; o__Peptostreptococcales-Tissierellales; f__Anaerovoracaceae; g__Anaerovorax	0.9941901852578339
0e2e50ea2d7a3366dcca1f3262040bb0	k__Archaea; p__Euryarchaeota; c__Methanobacteria; o__Methanobacteriales; f__Methanobacteriaceae; g__Methanobacterium; s__Methanobacterium_formicicum	0.9999822818887995
f2503a995bd8c1a94ce5d1e49159c7d1	k__Bacteria; p__Bacteroidota; c__Bacteroidia; o__Sphingobacteriales; f__Lentimicrobiaceae; g__Lentimicrobium; s__midas_s_63579	0.7920188757201363
333f32bb3f9df5675182ceda88bba911	k__Bacteria; p__Proteobacteria; c__Alphaproteobacteria; o__Rhizobiales; f__Beijerinckiaceae; g__Bosea	0.999513731622731
7229a1a874924db8456664b2a5985136	k__Bacteria; p__Firmicutes; c__Clostridia; o__Lachnospirales; f__Lachnospiraceae	0.9999999039656124
f3673dd564fd9dde406a6b5df1b70b1a	k__Bacteria; p__Proteobacteria; c__Alphaproteobacteria; o__Caulobacterales; f__Caulobacteraceae; g__Brevundimonas	0.9999915776082471
717e65e6ba1d91587e9c1fc36b2b0c44	k__Bacteria; p__Proteobacteria; c__Gammaproteobacteria; o__Pseudomonadales; f__Pseudomonadaceae; g__Pseudomonas; s__midas_s_13308	0.9631678037933142
b4675aefcee3975954467e51b228d6f2	k__Bacteria; p__Firmicutes; c__Clostridia; o__Oscillospirales; f__Ruminococcaceae; g__Caproiciproducens	0.9715313991193183
f3f7dcc6caf65f28fb40ae4f6faba669	k__Bacteria; p__Bacteroidota; c__Bacteroidia; o__Bacteroidales; f__Dysgonomonadaceae; g__Proteiniphilum; s__midas_s_56159	0.9754752975705456
798c61b4c240067b6b50ee0885525a71	k__Bacteria; p__Proteobacteria; c__Alphaproteobacteria; o__Sphingomonadales; f__Sphingomonadaceae; g__Sphingopyxis; s__midas_s_22005	0.8231507179331806
21fcd2fcaa0378a40f3a9db0b3bd948c	k__Bacteria; p__WS1; c__midas_c_796; o__midas_o_796; f__midas_f_2296; g__midas_g_3409; s__midas_s_3951	0.9998726278405743
d10ef1cc3876e7ca96d49bab29ceec47	k__Bacteria; p__Bacteroidota; c__Bacteroidia; o__Bacteroidales; f__Paludibacteraceae; g__midas_g_9269	0.999996716268796
451acf82a2350fce17f55d27708aa232	k__Bacteria; p__Firmicutes; c__Limnochordia; o__midas_o_1979; f__midas_f_1979; g__midas_g_91392; s__midas_s_92560	0.8488894190977524
839049ed2eabc492bfa76bca3e4f9075	k__Bacteria; p__Firmicutes; c__Clostridia; o__Clostridia_vadinBB60_group; f__midas_f_90201; g__midas_g_90293; s__midas_s_90293	0.876527033595857
a1f67bd15d480d23ca73f40a62f815bb	k__Bacteria; p__Actinobacteriota; c__Coriobacteriia; o__OPB41; f__midas_f_6325	0.993137897751609
064553a8d0c9dbcd5fd0470bacb82e39	k__Bacteria; p__Firmicutes; c__Clostridia; o__Lachnospirales; f__Lachnospiraceae	0.9998252105055259
626ceecfac444a7e053d5ae2c76833df	k__Bacteria; p__Actinobacteriota; c__WCHB1-81; o__midas_o_765; f__midas_f_765; g__midas_g_765; s__midas_s_4411	0.796596712164823
f04ff31f64577aa1ffb8bae8e5bb7028	k__Bacteria; p__Firmicutes; c__Clostridia; o__Oscillospirales; f__UCG-010; g__midas_g_94069	0.9999914970564292
134153c893d92731f1779897c269f055	k__Bacteria; p__Spirochaetota; c__Spirochaetia; o__Spirochaetales; f__Spirochaetaceae; g__Sphaerochaeta; s__midas_s_101116	0.975961598020135
2e629a245a33dc88d99de2c8d9e0b216	k__Bacteria; p__Firmicutes; c__Clostridia; o__Peptostreptococcales-Tissierellales; f__Sedimentibacteraceae; g__Sedimentibacter; s__midas_s_87661	0.758192268097127
bf407ae343c76e79d6b26556d23deaf1	k__Bacteria; p__Proteobacteria; c__Alphaproteobacteria; o__Rhizobiales; f__Rhizobiaceae; g__Ochrobactrum	0.9983567275773937
d173baa99a72cc768d97c17cf7f2424c	k__Bacteria; p__Proteobacteria; c__Alphaproteobacteria; o__Rhizobiales; f__Rhizobiaceae; g__Aquamicrobium; s__Aquamicrobium_lusatiense	0.9872583347076082
9560e4972e8046c341e33c5455f39420	k__Bacteria; p__Firmicutes; c__Clostridia; o__Peptostreptococcales-Tissierellales; f__Family_XI; g__Anaerosalibacter; s__midas_s_79866	0.86715342802823
3a97509d737bb9de2fea64765abc7233	k__Bacteria; p__Firmicutes; c__Clostridia; o__Clostridia_vadinBB60_group; f__midas_f_54; g__midas_g_4325	0.9983519698043282
5dc7524876edae7d748367dc5ebf242d	k__Bacteria; p__Spirochaetota; c__Spirochaetia; o__Spirochaetales; f__Spirochaetaceae; g__Sphaerochaeta; s__midas_s_92051	0.8094710208485527
069542283eb54c7a749da63bb4204831	k__Bacteria; p__Synergistota; c__Synergistia; o__Synergistales; f__Synergistaceae; g__Aminivibrio; s__midas_s_58933	0.9563730316166227
fd8b9f0334e7dc4b6c8df23989d0338e	k__Bacteria; p__Firmicutes; c__Bacilli; o__Lactobacillales; f__Enterococcaceae; g__Enterococcus	0.9882624801973147
2cbe7b55458523614953e79f9ed0f4c0	k__Archaea; p__Halobacterota; c__Methanosarcinia; o__Methanosarciniales; f__Methanosarcinaceae; g__Methanosarcina	0.9999641474805954
c9b9c9ee04be1386fdb2288190da9b54	k__Bacteria; p__Bacteroidota; c__Bacteroidia; o__Sphingobacteriales; f__Lentimicrobiaceae; g__Lentimicrobium	0.9994984609536406
8d59f1aa005257b3e20f78b25275119f	k__Bacteria; p__Synergistota; c__Synergistia; o__Synergistales; f__Synergistaceae; g__Thermovirga	0.9999990841460749
235cecb983088e1e7e515d60ffa5241b	k__Bacteria; p__Firmicutes; c__Clostridia; o__Clostridiales; f__Clostridiaceae; g__Clostridium_sensu_stricto_13; s__midas_s_88977	0.998959189310548
eb41af02b18dc957ef593cfd11261be5	k__Bacteria; p__Proteobacteria; c__Gammaproteobacteria; o__Pseudomonadales; f__Moraxellaceae; g__Enhydrobacter; s__midas_s_3621	0.9075511974005736
d7d4f9dd7e8cab54e28816bc3f161fd6	k__Bacteria; p__Proteobacteria; c__Gammaproteobacteria; o__Burkholderiales; f__Comamonadaceae	0.9999918215138016
4767afde4b029b318194cf99b257de2d	k__Bacteria; p__Bacteroidota; c__Bacteroidia; o__Flavobacteriales; f__Weeksellaceae; g__Chryseobacterium; s__midas_s_83782	0.9659308291623246
03a6a6d84a7be4b11b6467c91ca79d57	k__Bacteria	0.9995267247253784
7b43b24e8c817bba9f0008696985ae06	k__Bacteria; p__Chloroflexi; c__Anaerolineae; o__SBR1031; f__A4b; g__midas_g_8129; s__midas_s_8129	0.9999999999548095
3fafff6e120eb323ee7a135e6bff6a5d	k__Bacteria; p__Firmicutes; c__Bacilli; o__Erysipelotrichales; f__Erysipelotrichaceae; g__Erysipelothrix; s__midas_s_114219	0.9326435441620728
c25a32096a674c1a460de4e2a71346ba	k__Bacteria; p__Desulfobacterota; c__Desulfobulbia; o__Desulfobulbales; f__Desulfobulbaceae; g__Desulfobulbus	0.9999982585860383
72950b26cbd1bf74be7b6605ca95ec34	k__Bacteria; p__Desulfobacterota; c__Desulfovibrionia; o__Desulfovibrionales; f__Desulfovibrionaceae; g__Desulfovibrio	0.9544299180786082
f78abd34d9f99dfc6481d847ff918abb	k__Bacteria; p__Actinobacteriota; c__Actinobacteria; o__Corynebacteriales; f__Nocardiaceae; g__Gordonia	0.9999781825836084
132a867d0cff8733fee3f3f6603f7dc6	k__Bacteria; p__Proteobacteria; c__Gammaproteobacteria; o__Burkholderiales; f__Alcaligenaceae; g__Achromobacter; s__midas_s_18114	0.8345983423338105
57568ab86419e6655ce098557e7735c9	k__Bacteria; p__Desulfobacterota; c__Desulfovibrionia; o__Desulfovibrionales; f__Desulfovibrionaceae; g__Desulfovibrio	0.908656167070568
d50903b75a954b0f707171e84a573a5f	k__Bacteria; p__Proteobacteria; c__Alphaproteobacteria; o__Rhizobiales; f__Beijerinckiaceae; g__Camelimonas; s__midas_s_83249	0.8264000650501719
e382176877a8994aed9f5835e1779aba	k__Bacteria; p__Proteobacteria; c__Gammaproteobacteria; o__Burkholderiales	0.9999927190069283
bfafcd85fcd649182ea336bc0c2c3dbc	k__Archaea; p__Halobacterota; c__Methanomicrobia; o__Methanomicrobiales; f__Methanomicrobiaceae; g__Methanoculleus	0.9999676692834181
dc21153823efbfe6f4e092f110775cde	k__Bacteria; p__Firmicutes; c__Clostridia; o__Oscillospirales; f__Hydrogenoanaerobacterium; g__midas_g_98017; s__midas_s_120285	0.821282362492424
858059a126cea3a813010886f9d9a04b	k__Bacteria; p__Firmicutes; c__Clostridia; o__Clostridiales; f__Clostridiaceae	0.9986056031849668
7e07d92eab06d89b09f0c89c8e30de6b	k__Bacteria; p__Bacteroidota; c__Bacteroidia; o__Bacteroidales; f__Dysgonomonadaceae; g__Dysgonomonas; s__midas_s_30643	0.9989852823082228
12198ade971f92bb157e2a699be09bc8	k__Bacteria; p__Firmicutes; c__Clostridia; o__Monoglobales; f__Monoglobaceae; g__Monoglobus; s__midas_s_119413	0.7719945261039145
5c388889eec2e9b910ccc34a370df3f4	k__Bacteria; p__Proteobacteria; c__Alphaproteobacteria; o__Rhizobiales; f__Xanthobacteraceae	0.9999991973516895
d693c275c376753e40770f95ba69a9f9	k__Bacteria; p__Firmicutes; c__Desulfotomaculia; o__Desulfotomaculales; f__Pelotomaculaceae; g__Pelotomaculum	0.8976735529279716
67c8c2522faf9a2e8a694e0c78d2f4bc	k__Bacteria; p__Firmicutes; c__Clostridia; o__Clostridiales; f__Caloramatoraceae; g__Fonticella; s__midas_s_119527	0.8078183591042555
87671eb172dd57036886a3c5e0c4da8d	k__Bacteria; p__Proteobacteria; c__Gammaproteobacteria; o__Enterobacterales; f__Enterobacteriaceae	0.9997395849804356
478fa149d72ab4d5a1c35d4fd7c3f6d8	k__Bacteria; p__Firmicutes; c__Clostridia; o__Peptostreptococcales-Tissierellales; f__Anaerovoracaceae; g__Anaerovorax	0.9911910188989314
2919ca12aa75e54dc25b4e3750d8712c	k__Bacteria; p__Synergistota; c__Synergistia; o__Synergistales; f__Synergistaceae; g__Thermovirga; s__midas_s_99362	0.7086646242581117
dfd1d31c5ef50e7d2f312e23842fcee6	k__Bacteria; p__Desulfobacterota; c__Desulfovibrionia; o__Desulfovibrionales; f__Desulfovibrionaceae; g__Desulfovibrio	0.9150450268953002
9c958ede3f88bbd0ae42120738cebe7d	k__Archaea; p__Euryarchaeota; c__Methanobacteria; o__Methanobacteriales; f__Methanobacteriaceae; g__Methanobacterium; s__midas_s_9526	0.8340385090653583
c74ca0d0a1496d4739a1701f743694c5	k__Bacteria; p__Proteobacteria; c__Alphaproteobacteria; o__Rhodobacterales; f__Rhodobacteraceae	0.9997671026562267
299e2f863816a7f03b21144b754c78c6	k__Bacteria; p__Firmicutes; c__Clostridia; o__Oscillospirales; f__Ruminococcaceae	0.9961842017150501
e4ac4747c89a65f79f1fbc71139eb366	k__Bacteria; p__Firmicutes; c__Clostridia; o__Lachnospirales; f__Lachnospiraceae; g__Anaerocolumna; s__midas_s_101429	0.7969014813470947
